feature,importance_mean,importance_std
plan_type,0.008834908957646182,0.0002150073051603837
monthly_bill_usd,0.005898959435291662,0.0028647773807446504
day_of_month,0.001395851116209812,0.0012859340247913585
churn_probability,0.0011579263876352996,0.001065320361071543
delta_1d_gb,0.0010903902520554177,0.0007881428192952271
lag_1d_gaming_gb,0.000928228846324064,0.000400456606002326
congested,3.532642479431303e-05,3.429107387717909e-05
day_index,0.0,0.0
day_of_week,0.0,0.007044295840141796
is_weekend,0.0,8.336713998628967e-05
arpu,0.0,0.0
total_gb,0.0,0.0
device_type,0.0,0.0012298248615489722
streaming_gb,0.0,0.0
gaming_gb,0.0,0.0
background_gb,0.0,0.0
social_gb,0.0,0.0
messaging_gb,0.0,0.0
customer_tenure_months,0.0,0.001577482516032705
contract_duration_months,0.0,0.0006858763968274949
region,0.0,0.0
age_group,0.0,0.0006695442198712626
network_type,0.0,0.0021017449705238718
lag_1d_total_gb,0.0,0.0005042160012830544
support_calls_6months,0.0,0.0016875018520301716
churn_status,0.0,0.0
rolling_30d_avg_gb,0.0,0.02040264241755059
rolling_7d_avg_gb,0.0,0.001555752542225409
lag_7d_total_gb,0.0,0.0005905000222014077
lag_1d_streaming_gb,0.0,0.0009136265227989057
lag_1d_social_gb,0.0,0.000571913561790412
lag_1d_messaging_gb,0.0,0.0007037458588707333
is_month_start,0.0,0.0
is_month_end,0.0,0.0
