actual,predicted,residual
4.13474,4.148962396561384,-0.01422239656138391
1.00957,0.8554109556833377,0.15415904431666239
1.04403,1.0867155992713522,-0.04268559927135218
3.8800700000000004,4.409495523772051,-0.5294255237720509
1.3349600000000001,1.326468307014971,0.008491692985029164
3.89173,4.743760685637037,-0.852030685637037
1.59625,1.445159195640072,0.15109080435992794
0.2532,0.2064702897704008,0.04672971022959918
2.13985,2.8292763979635187,-0.6894263979635187
0.54184,0.6247938708411226,-0.0829538708411226
3.24315,2.6240547186623813,0.6190952813376187
1.60514,1.851309665394816,-0.246169665394816
1.3016500000000002,1.7537564840127178,-0.4521064840127176
0.31798000000000004,0.3268848683521147,-0.008904868352114681
0.55328,0.525544206551744,0.02773579344825594
5.2140699999999995,5.869827979013672,-0.6557579790136723
2.6227,3.219482941943957,-0.5967829419439568
0.78962,0.9806216593367527,-0.19100165933675273
1.3208900000000001,1.3424301842193078,-0.0215401842193077
5.05509,3.721725157742715,1.3333648422572848
7.26766,6.5207994411030485,0.7468605588969517
2.4240500000000003,2.79949837855701,-0.37544837855700974
23.34998,28.21842175203096,-4.868441752030961
1.61229,1.99740567951625,-0.38511567951625003
1.0696199999999998,0.9180460900284145,0.15157390997158526
1.38502,1.4750059238867337,-0.08998592388673377
1.39506,1.596582023243818,-0.20152202324381796
0.5133,0.45341272711998765,0.05988727288001233
1.5798599999999998,1.477259644006639,0.10260035599336081
2.46675,3.5050970288987036,-1.0383470288987033
0.42792,0.4645024338166084,-0.03658243381660836
3.48606,3.295473118468182,0.19058688153181835
3.42553,3.883826913577357,-0.4582969135773567
0.41708999999999996,0.45148983146109084,-0.03439983146109088
0.59177,0.579489859485384,0.012280140514616011
0.21033000000000002,0.16421829239865882,0.0461117076013412
2.4064,2.3257524504230824,0.08064754957691767
0.5522,0.47447234291317353,0.0777276570868265
2.44021,2.2320478576277485,0.2081621423722515
0.89786,0.8264452987753028,0.07141470122469717
1.93007,2.078985726151722,-0.14891572615172222
15.32549,16.729506913378028,-1.4040169133780278
1.70838,1.9201181976317123,-0.2117381976317123
2.8951100000000003,2.864476528250954,0.030633471749046404
0.66886,0.7103909706897226,-0.04153097068972256
3.62147,4.26665885976019,-0.6451888597601898
0.26767,0.26757161140742763,9.838859257238486e-05
1.5038900000000002,1.8646084181051188,-0.3607184181051186
0.15937,0.11932931870905748,0.04004068129094253
1.10888,1.1420166541227463,-0.033136654122746245
8.17216,8.60596056726851,-0.433800567268511
0.07672,0.05526805961826721,0.021451940381732787
2.97426,4.228676241424353,-1.2544162414243525
0.63414,0.5203931862758739,0.1137468137241261
14.37172,10.746646300223782,3.625073699776218
0.63462,0.5991482989984751,0.03547170100152486
0.6379900000000001,0.5279741029753913,0.11001589702460879
0.73339,0.805669127699932,-0.07227912769993206
3.1385,3.0891522422675766,0.0493477577324235
0.35535,0.3747306839095093,-0.01938068390950931
0.40612,0.4526455983492133,-0.046525598349213326
3.40367,3.362626963745994,0.04104303625400618
6.128640000000001,6.686258023802083,-0.5576180238020818
0.04535,0.025166264251332025,0.020183735748667976
10.84936,9.169766125788088,1.6795938742119123
9.85592,9.269936641776596,0.5859833582234035
4.0297600000000005,3.694454483819476,0.3353055161805245
2.10854,2.080437846097113,0.02810215390288695
8.27311,8.51869331173216,-0.24558331173215997
0.82559,0.7025452762995742,0.12304472370042585
1.66642,1.9768311684328785,-0.3104111684328785
0.26779000000000003,0.2448514938122144,0.022938506187785618
3.95982,4.956300704984555,-0.9964807049845548
0.33855,0.31904171246219776,0.01950828753780226
0.92934,0.9453964589468555,-0.01605645894685548
0.40354,0.572652522674596,-0.16911252267459598
26.57357,27.31698059069625,-0.74341059069625
3.0217199999999997,2.700908628630633,0.32081137136936677
0.92545,0.9305257369260546,-0.005075736926054564
4.7114899999999995,4.07942557253918,0.6320644274608194
0.63564,0.8576476801039328,-0.2220076801039328
1.44759,2.001140697691033,-0.5535506976910329
0.24112,0.30126660937660865,-0.06014660937660865
0.27876,0.24436647584757948,0.03439352415242053
1.0414,1.0826098116682312,-0.04120981166823112
0.5062,0.5213072515168731,-0.015107251516873088
1.92676,2.249773850523029,-0.3230138505230291
5.37658,3.9841027427075457,1.392477257292454
0.7212000000000001,0.5348240828485636,0.18637591715143642
4.1085,2.6393415206614157,1.4691584793385846
12.37698,12.880688133311027,-0.5037081333110276
1.1492200000000001,1.1080076759076647,0.04121232409233544
0.96339,0.8535987386477232,0.10979126135227679
0.64352,0.767926600586768,-0.124406600586768
3.0867600000000004,3.184831961447363,-0.09807196144736263
0.37918,0.473303550083378,-0.09412355008337797
2.30292,2.6297042007644675,-0.3267842007644677
1.4811800000000002,1.266657703124267,0.2145222968757332
20.06419,19.013361273434047,1.0508287265659533
5.51271,5.720250663878744,-0.20754066387874381
1.76599,1.8293391749147945,-0.06334917491479453
0.5839099999999999,0.5936891023369244,-0.009779102336924472
1.25163,1.0889647964094142,0.16266520359058578
0.37118,0.4695766881674117,-0.0983966881674117
4.57324,4.080821500641232,0.49241849935876836
0.3286,0.18780181633795273,0.14079818366204727
0.59234,0.7258441452996319,-0.13350414529963195
6.008310000000001,5.5825431434986665,0.42576685650133417
6.01713,7.5322753028023826,-1.5151453028023827
0.14387,0.09944916058631652,0.04442083941368348
1.87494,1.619460473946466,0.2554795260535341
18.162380000000002,18.813110136999175,-0.6507301369991723
1.94602,2.2896979751869324,-0.3436779751869323
3.76975,2.839597472143147,0.930152527856853
1.5025,1.5959411573738607,-0.09344115737386072
2.0586599999999997,1.8135963263316492,0.24506367366835047
0.2206,0.16879048520026507,0.05180951479973492
2.29881,2.0662466921200213,0.2325633078799787
0.89239,0.8885053493684051,0.0038846506315949325
3.3734499999999996,3.3082100309922726,0.065239969007727
1.00193,1.0979578853639684,-0.09602788536396845
1.23269,1.2288421145673625,0.0038478854326375878
2.81915,2.870255410507375,-0.05110541050737494
2.16453,1.9507951615431935,0.21373483845680652
3.9899400000000003,3.1470123008983126,0.8429276991016876
0.68853,0.5690626108099072,0.11946738919009281
2.7329499999999998,2.5934480493559455,0.13950195064405424
1.12541,1.0351337980085817,0.09027620199141828
1.11834,1.4734372752480047,-0.35509727524800483
1.71466,2.1427170756704776,-0.42805707567047757
1.8758800000000002,1.8333406383616648,0.04253936163833538
0.6610199999999999,0.9499619521275183,-0.2889419521275184
6.6842299999999994,5.746365928952549,0.9378640710474508
1.1981,1.1155506388094865,0.08254936119051348
0.23551,0.27295111151102663,-0.03744111151102664
0.73603,0.7276198311948836,0.008410168805116358
0.44526,0.6623086112518599,-0.21704861125185992
1.1515199999999999,1.0534079518305501,0.09811204816944974
2.13207,2.9468721737039063,-0.8148021737039062
1.6049200000000001,1.6488760735409391,-0.043956073540939
0.27346,0.23254767046200242,0.04091232953799756
0.80038,0.8600940907648617,-0.05971409076486167
0.30413,0.2243248245542661,0.0798051754457339
7.1366000000000005,7.267923727689787,-0.13132372768978673
2.93839,2.6820973915455353,0.2562926084544648
1.2310999999999999,1.2575771893948489,-0.026477189394849
2.63275,2.901140421710818,-0.26839042171081795
0.99266,0.7515258768762119,0.24113412312378812
1.61653,1.5320087698822802,0.08452123011771984
3.00508,3.397908987361347,-0.3928289873613471
0.80631,0.6256392703958739,0.1806707296041261
1.39388,1.5221240352980023,-0.12824403529800232
5.53583,6.47514527863122,-0.93931527863122
3.22827,2.588293960337822,0.6399760396621783
0.46887,0.46177909940903605,0.0070909005909639555
2.05588,2.7378700701175736,-0.6819900701175734
0.7269500000000001,1.3915804745368276,-0.6646304745368276
34.54462,28.039850707491127,6.504769292508875
4.48774,5.188031246349177,-0.7002912463491775
6.3069,7.191346649955264,-0.8844466499552643
5.97752,7.252177232574157,-1.2746572325741568
0.92596,0.9799361153510012,-0.05397611535100122
3.88731,4.066134958437113,-0.17882495843711288
0.43377,0.3836357672654844,0.050134232734515616
1.18549,1.135580863480692,0.04990913651930784
1.2626600000000001,1.0683220414964247,0.19433795850357538
1.1751800000000001,1.0733923576794273,0.1017876423205728
3.0322,2.932291855480018,0.09990814451998187
0.79576,1.3021800070588498,-0.5064200070588498
0.72304,0.6520020199775891,0.07103798002241091
1.00617,0.8997241860155674,0.10644581398443265
2.68256,2.9614804220853164,-0.2789204220853163
0.9643400000000001,0.6811481134075387,0.2831918865924614
0.46788,0.5198301388293022,-0.05195013882930216
1.20438,1.1345107538773584,0.06986924612264156
3.5567399999999996,2.6460362295441913,0.9107037704558083
7.82566,5.592796424944036,2.232863575055964
1.25807,1.2311178441539852,0.026952155846014847
0.5201399999999999,0.5936402219081836,-0.07350022190818362
2.81305,3.69529631210097,-0.8822463121009698
6.390140000000001,7.22973428365517,-0.8395942836551695
3.96981,3.514788460436602,0.45502153956339786
1.81971,1.6044414027775589,0.21526859722244107
1.38942,1.4318268737898718,-0.042406873789871735
4.61623,4.906656857909828,-0.2904268579098286
2.31067,2.924272301690123,-0.6136023016901229
0.63481,0.5816857031600337,0.053124296839966334
1.64604,1.641331391906769,0.004708608093231037
15.03508,17.7477367001562,-2.7126567001561988
1.23834,1.1551341911506838,0.08320580884931617
1.1314600000000001,0.802346649137279,0.3291133508627211
14.11894,13.588700195679182,0.5302398043208179
0.22875,0.32533789008687214,-0.09658789008687213
0.45485000000000003,0.3976387324921838,0.057211267507816244
5.522819999999999,6.31775795016868,-0.7949379501686806
0.43461,0.4654594324759986,-0.030849432475998584
0.45499,0.41196746231512815,0.04302253768487185
1.5107300000000001,1.1754502326053158,0.33527976739468435
15.02645,16.595535666979252,-1.5690856669792517
5.81262,5.209080400221648,0.6035395997783519
3.21517,3.2455041845382464,-0.030334184538246323
1.1304,1.2455206368918603,-0.11512063689186025
9.72401,8.435670571333164,1.288339428666836
0.14551,0.20548230598819267,-0.05997230598819267
0.52706,0.5465391409296425,-0.019479140929642536
0.8511799999999999,0.6431026650074407,0.2080773349925592
8.58787,6.816483439589505,1.7713865604104955
15.943719999999999,15.168798795728677,0.7749212042713225
0.7806900000000001,0.7356567939002329,0.04503320609976724
2.98468,3.5718106016842426,-0.5871306016842426
1.24374,1.425124045836881,-0.18138404583688095
1.39493,1.4273141240894882,-0.03238412408948821
2.2947100000000002,2.450129641848386,-0.15541964184838575
6.21241,5.045338743397788,1.1670712566022123
2.1199,2.2240186723626367,-0.10411867236263683
2.2044,2.506614807781742,-0.3022148077817417
2.93555,3.904345052273493,-0.9687950522734927
22.66575,26.70020487660223,-4.034454876602229
1.1673499999999999,1.0084909867338856,0.1588590132661143
2.00117,2.4654987858935202,-0.4643287858935201
0.25362,1.0442531028277457,-0.7906331028277458
6.8326199999999995,6.495339361069859,0.3372806389301406
1.2688,1.2809943779875312,-0.012194377987531313
0.45330000000000004,0.39107786029258795,0.06222213970741208
1.95119,1.5427583757732188,0.40843162422678114
1.90753,1.7806517299222142,0.12687827007778574
2.39832,2.5751906770311743,-0.17687067703117432
3.8658200000000003,4.2952982147013685,-0.42947821470136827
5.2868900000000005,6.051556952516702,-0.7646669525167011
2.11548,2.161351108136418,-0.04587110813641804
1.89848,1.4754749224390913,0.42300507756090866
34.48369,29.12614270355807,5.357547296441933
0.57959,0.6282426147700647,-0.04865261477006466
0.89174,0.8559836576773302,0.035756342322669776
0.6346900000000001,0.6956580735265904,-0.06096807352659028
0.08265,0.041829383283338364,0.04082061671666164
10.46763,8.187249855580323,2.280380144419677
11.68156,9.713745813141934,1.9678141868580656
3.46168,2.6871071233331163,0.7745728766668836
0.6812,0.6842476620307081,-0.0030476620307080537
0.14844,0.13943037611181863,0.009009623888181356
4.81007,5.2817018486352145,-0.4716318486352149
0.70951,0.6962016698886183,0.013308330111381661
3.62525,3.2693486240241874,0.3559013759758125
1.4341400000000002,1.1202215373986015,0.31391846260139866
2.7946999999999997,2.461379111038535,0.33332088896146495
1.8769200000000001,1.8082283729686242,0.06869162703137599
22.94746,27.295099406057684,-4.347639406057684
0.43329,0.49844236003316683,-0.06515236003316682
2.75542,2.65512853342127,0.10029146657872978
10.668700000000001,9.265449857801933,1.4032501421980683
0.53654,0.5843763926815119,-0.04783639268151185
0.84113,0.8705393160758808,-0.02940931607588071
6.80297,5.408632031680683,1.3943379683193173
25.8261,27.21077607611254,-1.384676076112541
0.7520399999999999,0.8675403494786562,-0.11550034947865628
0.5982000000000001,0.5558663491086265,0.04233365089137353
1.99892,1.835772480986716,0.16314751901328406
19.56337,18.449544574070476,1.113825425929523
1.43007,1.414013129616642,0.016056870383357902
0.82533,0.748423369000352,0.076906630999648
8.15664,5.701210703353765,2.4554292966462343
0.5632,0.5462669239863978,0.016933076013602277
2.5703,3.4938227941009137,-0.9235227941009136
1.78433,1.630704786692376,0.1536252133076239
3.93935,3.426258815728826,0.5130911842711741
7.6411999999999995,8.106332965397069,-0.4651329653970695
1.27025,1.5382716547138966,-0.2680216547138965
0.89991,0.8668163355386058,0.03309366446139417
1.45641,1.1814342456021403,0.2749757543978597
6.0525,5.195802678009489,0.8566973219905112
10.55978,14.101408420270998,-3.541628420270998
11.72029,12.95092172392235,-1.2306317239223503
0.65374,0.5595737105425675,0.09416628945743244
1.06406,1.2814337477355162,-0.2173737477355162
0.78383,0.8116412725394959,-0.02781127253949589
0.6129,-0.17312928634407496,0.786029286344075
5.270359999999999,6.168947363189351,-0.8985873631893515
1.09275,1.2636503461940725,-0.17090034619407235
8.71956,11.865189458519042,-3.1456294585190427
9.77316,9.578778840873094,0.19438115912690712
2.66025,3.9132548923317683,-1.2530048923317683
2.00933,1.9645662670824078,0.04476373291759206
0.9173600000000001,1.0134581804509513,-0.0960981804509512
3.23442,2.916480042230534,0.31793995776946593
11.48631,12.539252210425436,-1.052942210425437
9.77782,12.400617431456833,-2.622797431456833
1.0241900000000002,0.8680188861855723,0.15617111381442783
0.7587,0.96489415569327,-0.20619415569326993
1.81808,2.0847939037691234,-0.2667139037691235
0.36499000000000004,0.3756470145168847,-0.010657014516884666
2.73954,2.3688425160535145,0.3706974839464854
6.7343,7.2711808763392805,-0.5368808763392803
1.4170099999999999,1.4505108103046045,-0.03350081030460461
3.91764,4.182313301542525,-0.2646733015425249
1.56196,1.4342549264422428,0.12770507355775718
4.44849,4.306312873226354,0.14217712677364602
2.23535,2.177224663987086,0.05812533601291392
9.42753,10.364129871752894,-0.9365998717528932
0.13445,0.1364172839659935,-0.0019672839659935215
0.13756000000000002,0.08896492635929076,0.04859507364070925
2.82172,3.0022413073998275,-0.18052130739982752
0.52144,0.5116879432576228,0.009752056742377224
0.29835,0.32572271912864387,-0.027372719128643863
0.99015,1.1224803969854473,-0.13233039698544735
5.50186,6.102831168568025,-0.6009711685680257
2.21153,1.9968691504639533,0.21466084953604692
2.80152,2.410913395858082,0.39060660414191783
7.41876,6.416902899286893,1.0018571007131065
3.69618,2.9760627491025575,0.7201172508974425
0.38569,0.39793498506357505,-0.012244985063575076
1.92693,2.377224579811646,-0.4502945798116458
0.70866,0.689147247915377,0.019512752084622997
5.8635600000000005,4.949665385643006,0.9138946143569946
1.10366,1.4253147932973693,-0.32165479329736923
4.48353,3.8903994000920523,0.5931305999079477
0.6171599999999999,0.5960676380451926,0.021092361954807348
0.9883500000000001,0.9742617953149846,0.014088204685015482
1.19779,1.15523980152181,0.04255019847818997
1.99803,3.4072627115513945,-1.4092327115513945
0.75076,0.6473253798705026,0.10343462012949733
0.52679,0.5676442204461712,-0.04085422044617126
3.30276,4.187387532848822,-0.884627532848822
2.267,2.1894428853723964,0.07755711462760351
0.39158,0.3370314724028164,0.054548527597183594
0.8111900000000001,0.8036881886892064,0.007501811310793638
0.23163,0.3409347501665203,-0.1093047501665203
0.7951699999999999,0.661229312655403,0.13394068734459696
0.7183099999999999,0.8226312247424781,-0.10432122474247818
5.16246,4.5687218297637955,0.5937381702362048
0.47351,0.5117960034452559,-0.0382860034452559
2.12247,1.5927558241366921,0.5297141758633077
0.5002,0.7073609579886608,-0.20716095798866085
7.458069999999999,6.882441087496155,0.5756289125038441
1.56897,1.6012831864069967,-0.03231318640699676
0.28755000000000003,0.23693998177468617,0.05061001822531386
12.02298,9.459696030130674,2.5632839698693264
4.970470000000001,5.115533425980433,-0.14506342598043265
0.6413300000000001,0.508234219612937,0.13309578038706305
0.37577999999999995,0.4044880071524092,-0.02870800715240923
8.87354,8.209433354766434,0.6641066452335664
4.00043,5.163366902179065,-1.162936902179065
0.19933,0.16896514225460904,0.030364857745390966
13.87377,14.477440910261118,-0.6036709102611173
3.74671,4.626487345758854,-0.8797773457588534
0.28893,0.32214673145475664,-0.03321673145475662
2.762,2.314003310950809,0.4479966890491909
2.27391,2.333093812534002,-0.05918381253400229
1.55758,1.2761811424633673,0.28139885753663263
5.67741,5.450058580183914,0.22735141981608642
0.51352,0.5147354096815413,-0.001215409681541324
8.873790000000001,7.896176427303718,0.9776135726962831
0.61652,1.0134032231799444,-0.3968832231799444
2.13949,2.3095550344286964,-0.17006503442869647
1.86551,1.9598043436263282,-0.09429434362632816
2.41162,2.0589770131497627,0.3526429868502374
0.54931,0.6018495549878039,-0.05253955498780394
2.8478000000000003,2.4177603212055265,0.4300396787944738
0.6809299999999999,0.8331835906771208,-0.15225359067712085
0.46234,0.6168344374999014,-0.15449443749990144
1.22401,1.3099780040763311,-0.0859680040763311
0.9815499999999999,1.2093930242732938,-0.22784302427329384
3.9291199999999997,3.3956989055713582,0.5334210944286415
3.64593,3.2688432842847615,0.37708671571523844
1.6922000000000001,1.645938271321821,0.04626172867817924
2.1483600000000003,2.454072968660506,-0.3057129686605058
1.4069800000000001,1.155087738135547,0.251892261864453
14.30982,12.201525674931265,2.1082943250687354
0.48949000000000004,0.596561689434276,-0.10707168943427597
0.13012,0.15403193759130326,-0.02391193759130325
4.53718,4.140823289817876,0.3963567101821246
3.38708,2.3129645676032595,1.0741154323967406
5.58584,5.233267555549543,0.3525724444504572
2.92568,2.783548897791177,0.14213110220882275
0.67104,0.7054841596506368,-0.03444415965063685
0.92802,1.0457309626524096,-0.11771096265240966
2.9005900000000002,3.7666718672457873,-0.8660818672457871
1.21514,1.3933631698407924,-0.17822316984079234
1.5931600000000001,1.5230830811830387,0.07007691881696143
0.6243099999999999,0.6384368450073865,-0.01412684500738659
0.13387000000000002,0.0720130244987616,0.06185697550123842
1.41905,1.1961362646797926,0.2229137353202073
1.0818699999999999,1.0482447152367949,0.03362528476320503
1.84538,1.8072136220016664,0.03816637799833367
0.93878,0.8867605864971457,0.05201941350285422
1.87855,1.8664632524580358,0.012086747541964149
3.8889899999999997,4.3427069881075,-0.4537169881075007
0.79577,0.9522717377443772,-0.15650173774437726
3.13389,2.9233472329219823,0.21054276707801778
13.54008,14.40607300037309,-0.8659930003730896
0.38926,0.36358917208130515,0.02567082791869485
0.37327,0.37356329092767315,-0.0002932909276731621
32.08419,25.117271774192382,6.966918225807618
4.88656,6.587534456101526,-1.7009744561015259
0.84585,0.7726432360345744,0.07320676396542558
1.6982899999999999,1.4482609680815348,0.25002903191846504
1.6016199999999998,1.6262486627071526,-0.024628662707152804
3.88086,3.9824769224605974,-0.10161692246059717
2.51895,2.8200777148975797,-0.30112771489757995
0.43826,0.3301618292787463,0.10809817072125366
0.5229400000000001,0.532791768736599,-0.009851768736598876
0.2368,0.23344991543188648,0.0033500845681135316
1.2394,1.2633126286510323,-0.023912628651032275
4.21298,4.7474947999004415,-0.5345147999004416
2.05365,2.963116442656429,-0.909466442656429
0.7480800000000001,0.6534466418140437,0.09463335818595642
1.9613900000000002,1.8573053996449818,0.10408460035501843
4.883430000000001,3.92160884501782,0.9618211549821805
6.88447,5.912171602593912,0.9722983974060879
1.08351,1.0252169997128677,0.058293000287132246
0.92457,0.9270777905430033,-0.0025077905430033187
2.69249,3.0446920901098857,-0.3522020901098859
1.89049,2.0406209532003508,-0.15013095320035075
0.76342,0.8124356888381221,-0.04901568883812213
11.22801,14.546273575867666,-3.3182635758676664
6.75017,5.071992243069983,1.6781777569300171
1.6886400000000001,1.5552500698389313,0.13338993016106881
2.22678,2.1675465147389588,0.05923348526104144
1.21906,1.1719864907451367,0.04707350925486331
25.56248,23.91679564270138,1.6456843572986202
0.53559,0.40248318786927834,0.13310681213072167
0.98505,1.0635020105287754,-0.07845201052877537
5.75458,4.668127951663802,1.0864520483361977
0.6654800000000001,0.6248524552929537,0.040627544707046326
0.28247000000000005,0.4478221299788586,-0.16535212997885856
1.79594,1.9352331257617625,-0.13929312576176245
3.065,4.030813862337441,-0.9658138623374408
4.13425,3.519058518493475,0.6151914815065247
5.75537,7.0431400860594735,-1.2877700860594734
0.87637,0.9537663952995818,-0.07739639529958187
0.39881,0.44864110568502186,-0.04983110568502186
0.25894,0.2418077960116944,0.017132203988305617
2.1680300000000003,1.6434221013584316,0.5246078986415688
4.25304,4.309010610134489,-0.05597061013448901
0.27738,0.24266673248621548,0.034713267513784535
1.5071700000000001,1.5979595196755112,-0.09078951967551108
0.8839600000000001,1.1968251521658566,-0.31286515216585653
1.652,1.4023236928844323,0.24967630711556765
1.29537,1.5587017840612971,-0.2633317840612972
1.01536,1.5416059996640308,-0.5262459996640307
1.24398,1.2474226049558932,-0.0034426049558931027
7.67243,7.047993098280298,0.6244369017197027
0.7807000000000001,0.7837178204239305,-0.003017820423930395
0.37335,0.29100760097976985,0.08234239902023016
0.94257,0.7117504711883232,0.23081952881167678
10.40216,9.798114203725262,0.6040457962747379
4.97372,5.451217066331241,-0.47749706633124056
6.99692,7.4384294200906105,-0.4415094200906102
7.92132,9.372391183469325,-1.4510711834693257
1.0294100000000002,0.8773142909109616,0.15209570908903858
1.1756300000000002,1.000507106004605,0.17512289399539527
3.47075,3.8591549847046696,-0.3884049847046698
2.06707,2.0171066353640406,0.04996336463595963
4.85216,4.159457966466804,0.6927020335331955
2.56794,3.009231821673929,-0.441291821673929
2.96114,3.7995899637950825,-0.8384499637950826
1.1936300000000002,0.9587282630856595,0.2349017369143407
14.666469999999999,14.51569708347302,0.15077291652697866
3.1243499999999997,2.6837060528037555,0.4406439471962442
4.51087,5.665834345116129,-1.154964345116129
3.12542,4.623765351721163,-1.498345351721163
0.77026,0.725749266311442,0.04451073368855796
2.59014,2.6089495065935453,-0.01880950659354541
1.26347,1.3451354198514762,-0.08166541985147613
3.88852,3.6842602594163174,0.2042597405836828
14.037030000000001,15.953828864816671,-1.9167988648166698
0.17809,0.20478520339925174,-0.026695203399251743
4.47999,4.771124756347219,-0.2911347563472191
1.61517,1.5359720965780104,0.07919790342198962
2.2134,2.0533209178121177,0.16007908218788236
1.65661,2.0944665498762416,-0.4378565498762417
10.113790000000002,7.96810556187069,2.1456844381293116
7.48543,7.418961723973323,0.0664682760266766
2.4965900000000003,1.9399948640283946,0.5565951359716057
10.5118,10.55963794345358,-0.04783794345358139
0.70172,0.5749383299215701,0.1267816700784299
4.88833,3.8949320342958846,0.9933979657041152
1.16749,1.4043484299522107,-0.23685842995221074
7.7438,7.068726324890012,0.6750736751099886
8.943040000000002,8.904562371774222,0.03847762822577927
8.79924,8.239394813895581,0.5598451861044182
2.129,1.8120572177922603,0.31694278220773975
0.40256000000000003,0.5407844361658752,-0.1382244361658752
8.522770000000001,9.581894205818982,-1.0591242058189803
3.11153,4.313545985157793,-1.202015985157793
2.2129899999999996,2.2924641661171603,-0.07947416611716074
0.13343,0.08781713734246592,0.04561286265753407
12.64953,12.161940925317637,0.48758907468236323
1.24482,1.175730164356955,0.06908983564304494
9.85156,7.299823831132769,2.5517361688672304
0.19722,0.168641266703433,0.028578733296567016
1.0897999999999999,1.5681370909708314,-0.47833709097083155
1.18502,0.93065761131869,0.25436238868131
6.31618,4.827215055931206,1.488964944068794
0.2085,0.15404029423108276,0.05445970576891723
0.9479299999999999,0.8038612314966597,0.14406876850334027
6.60204,8.904417056809942,-2.3023770568099424
0.74962,0.8342681726857564,-0.08464817268575642
0.33013,0.3382132965396352,-0.008083296539635243
5.65629,5.518327071350421,0.13796292864957937
8.52742,9.570020143443069,-1.0426001434430692
1.64451,1.4799596976618885,0.1645503023381114
7.160220000000001,7.75307083394516,-0.5928508339451595
3.32672,2.919391648588965,0.4073283514110351
23.08887,19.450819532157603,3.6380504678423975
1.7485899999999999,1.3317059768362391,0.4168840231637607
2.99926,3.6461151561209806,-0.6468551561209805
1.8215899999999998,1.8279764153219704,-0.0063864153219705955
4.18552,3.769756898846125,0.41576310115387516
0.5445599999999999,0.5679710959154233,-0.02341109591542334
1.80301,1.765462265240681,0.03754773475931894
1.53391,1.4541639667650887,0.07974603323491136
8.610959999999999,8.865963700114078,-0.255003700114079
0.74214,0.7202736027243382,0.021866397275661864
1.27783,1.428661455638544,-0.15083145563854394
4.463220000000001,4.648699392851824,-0.18547939285182302
0.27748,0.19459421022647128,0.08288578977352873
0.5847,0.6000372873722256,-0.015337287372225616
0.7467,1.0103377475916553,-0.26363774759165526
3.6309,3.5343956903078677,0.0965043096921323
0.20065,0.2412383377096017,-0.04058833770960171
0.82269,0.9213192805348924,-0.0986292805348924
1.75732,2.1106147691547568,-0.35329476915475677
0.7702100000000001,0.8354685584594844,-0.06525855845948436
1.46242,2.1280905642026875,-0.6656705642026874
7.81902,10.184024785232866,-2.365004785232866
1.66924,1.6194320871105021,0.04980791288949793
2.77982,3.018529552447121,-0.238709552447121
0.32841000000000004,0.3065720687803357,0.02183793121966432
0.81311,0.6845358272912638,0.12857417270873617
14.11563,14.697578461842653,-0.5819484618426536
0.46188999999999997,0.4776665890893191,-0.015776589089319115
1.26005,1.0425112122208937,0.21753878777910618
9.47052,9.100766248538187,0.369753751461813
0.60749,0.7859288947116423,-0.17843889471164232
1.22015,1.0446166844256821,0.17553331557431795
2.40653,2.498421229070593,-0.0918912290705931
0.24574000000000001,0.3180286538635561,-0.0722886538635561
0.9933,0.9685698377766999,0.024730162223300045
0.15622,0.18797496091781338,-0.03175496091781338
3.69309,3.223389971327119,0.4697000286728814
5.5903599999999996,5.601402487012617,-0.011042487012617563
3.0095,2.8691204091730493,0.14037959082695073
0.83936,0.7822126452196738,0.057147354780326176
2.20778,2.1656416122326645,0.04213838776733558
0.96776,1.1445740646289628,-0.17681406462896287
10.40961,12.754493611524392,-2.3448836115243914
0.79228,0.7806743683020997,0.011605631697900298
0.42019,0.3665252905713458,0.0536647094286542
2.27598,2.201010928865746,0.07496907113425433
3.76203,4.1445309155870635,-0.38250091558706334
0.94096,0.9470329254641704,-0.006072925464170376
1.16686,1.029317495297216,0.13754250470278406
3.2726100000000002,2.8772403295828073,0.39536967041719295
5.440300000000001,5.882630043896065,-0.4423300438960647
5.48772,5.598391163642927,-0.11067116364292673
5.6384799999999995,6.512626588121818,-0.8741465881218184
0.88497,0.9618089118275176,-0.07683891182751756
1.50974,1.249912092317853,0.25982790768214703
3.32089,2.857755496184845,0.4631345038151551
0.78662,0.6751025112066507,0.11151748879334933
0.5422899999999999,0.573606236709847,-0.03131623670984707
3.13,2.858128231505574,0.27187176849442585
15.61369,20.342308025477788,-4.728618025477788
6.02818,5.984612917748266,0.04356708225173378
2.0696,1.7186586362923737,0.3509413637076262
0.83882,0.7923679579109374,0.04645204208906262
1.89422,2.5379938066078114,-0.6437738066078114
0.83515,0.8255935159326351,0.009556484067364868
0.17317,0.19718383837131984,-0.024013838371319846
1.72037,2.02581078846346,-0.30544078846346023
4.48588,4.071572805644111,0.4143071943558887
5.23633,4.552681951802315,0.6836480481976848
1.75707,1.959751110358784,-0.202681110358784
1.0608199999999999,0.8340489467279024,0.22677105327209746
2.89363,2.6958604587694706,0.19776954123052937
2.98656,2.7194639281673836,0.2670960718326163
3.16688,3.234600645628282,-0.06772064562828195
0.36246,0.3607953351676504,0.001664664832349616
1.4806199999999998,1.3584168986900205,0.12220310130997936
4.43812,3.05600519021159,1.3821148097884097
1.2230699999999999,0.9747146407226762,0.24835535927732366
2.04557,2.0346009589717324,0.010969041028267679
1.60923,1.8358489040822223,-0.2266189040822224
1.16207,1.195034854013579,-0.03296485401357896
0.24103,0.20409167973915585,0.03693832026084415
0.62976,0.9066303656760276,-0.27687036567602763
0.5111100000000001,0.5579948188719227,-0.04688481887192264
7.1170100000000005,6.469836968379934,0.6471730316200661
8.77275,7.506985831871932,1.2657641681280687
0.7782,0.7007870088925894,0.07741299110741062
19.371869999999998,16.420994113319118,2.9508758866808797
4.249680000000001,4.788036987158622,-0.5383569871586218
1.71426,1.9242760109459747,-0.21001601094597477
0.69525,0.6793969141438478,0.015853085856152194
2.10161,1.871923066863958,0.22968693313604205
2.08827,2.0610709247057795,0.02719907529422061
0.74222,0.7142384735436853,0.027981526456314687
22.708389999999998,17.358040362998754,5.350349637001244
1.0808900000000001,1.194367202496787,-0.11347720249678694
1.51614,1.2202570790562768,0.29588292094372326
0.7564099999999999,0.7669069783514872,-0.01049697835148733
20.56445,20.74667538906868,-0.18222538906868024
7.632350000000001,7.6531254243104305,-0.02077542431042989
1.16368,1.5193254912137593,-0.3556454912137592
0.17939,0.1529193321524302,0.026470667847569795
0.30246,0.472328737022476,-0.169868737022476
1.3003399999999998,1.3443411545678514,-0.044001154567851586
1.15732,1.093571904736054,0.06374809526394598
0.6446000000000001,0.8974345682296301,-0.25283456822963
1.4681,1.248126318366153,0.2199736816338469
1.40213,1.5082829104118833,-0.10615291041188324
1.03627,0.7896191659959867,0.24665083400401333
1.32092,1.2709650380107782,0.04995496198922189
1.7988,2.4810885018544346,-0.6822885018544347
2.148,2.272824740948417,-0.12482474094841667
3.05521,2.8016314454432227,0.25357855455677747
4.97322,4.290816382438441,0.6824036175615591
1.56426,1.6975748099504782,-0.13331480995047817
2.0559600000000002,2.5545204464354727,-0.4985604464354725
1.24422,1.3477795751003474,-0.1035595751003473
0.0824,0.0777548017579915,0.0046451982420085
1.22547,1.2309847971961922,-0.005514797196192189
0.60682,0.5744358887975994,0.03238411120240059
4.7244399999999995,4.843422976863248,-0.11898297686324888
2.36032,2.8676434142559963,-0.5073234142559961
5.41158,6.936962163581051,-1.5253821635810514
0.66695,0.6438996726939552,0.023050327306044838
0.25717,0.19766412616293608,0.05950587383706393
4.79536,4.607713379803568,0.18764662019643197
1.89808,1.6135984768330718,0.2844815231669282
1.8578800000000002,2.2901883914171206,-0.4323083914171204
4.57032,4.664425275647093,-0.09410527564709348
5.734310000000001,7.4240093942167995,-1.6896993942167988
0.57924,0.48344389563423174,0.09579610436576824
1.4113099999999998,1.4550157413192772,-0.0437057413192774
7.5405,6.085528426033341,1.4549715739666587
2.36375,2.699334880057504,-0.3355848800575041
2.34694,2.033319738208376,0.31362026179162417
8.587399999999999,9.92657689062632,-1.3391768906263213
1.6554,1.8831840276052292,-0.2277840276052292
16.445220000000003,17.90199149145636,-1.456771491456358
0.56201,0.7064949667865227,-0.14448496678652267
0.3998,0.5475135810010128,-0.14771358100101278
5.310779999999999,5.579427104431542,-0.26864710443154305
1.3665999999999998,1.4910910327351008,-0.12449103273510098
6.37025,6.052284886636808,0.31796511336319266
0.6115,0.4791260281836791,0.13237397181632093
2.99154,3.2884712403626883,-0.29693124036268825
3.02009,2.9304134409073184,0.0896765590926818
0.51168,0.5446856471555294,-0.03300564715552934
0.99783,1.04374091544493,-0.04591091544492998
1.9113399999999998,2.459732914342333,-0.5483929143423334
3.84796,3.809371278307518,0.038588721692482064
1.61848,1.42330772727577,0.19517227272423
16.417180000000002,11.593463470633383,4.823716529366619
7.18615,7.697308440556641,-0.5111584405566418
20.6745,25.09574294294846,-4.42124294294846
13.340209999999999,10.608039791185313,2.7321702088146864
2.07539,2.141315220346326,-0.06592522034632609
2.89791,2.7774161962041113,0.1204938037958887
0.7943,0.9420523644974098,-0.1477523644974098
4.03061,3.648547173334337,0.3820628266656634
0.71377,0.9096268727788213,-0.19585687277882124
2.8418200000000002,2.89912182068858,-0.057301820688579586
0.51437,0.5222950419072633,-0.007925041907263286
0.20002,0.1311455948445721,0.06887440515542789
8.88281,9.830811367395528,-0.9480013673955288
4.1301000000000005,4.919759178410145,-0.7896591784101448
11.08519,9.613611700228006,1.4715782997719948
2.80634,2.708172879258519,0.09816712074148093
0.9864700000000001,1.1209560195770272,-0.1344860195770271
4.56449,3.994297169496152,0.570192830503848
1.4000899999999998,1.4194509670196565,-0.019360967019656616
2.20287,2.3985070862574966,-0.19563708625749676
0.5443,0.52534530673691,0.01895469326308996
14.12593,19.545276921844,-5.419346921843999
1.69221,2.050513766612306,-0.3583037666123061
1.6861400000000002,1.728934999404966,-0.042794999404965894
2.78933,2.570918380537375,0.21841161946262488
2.6560799999999998,2.460789310765931,0.1952906892340689
19.21656,17.818423208272403,1.3981367917275982
1.70127,1.9736029359228466,-0.2723329359228466
0.11964,0.10416270276807349,0.015477297231926507
3.39663,2.9940392607638024,0.4025907392361976
6.37766,5.742207975956534,0.6354520240434658
12.95808,13.152113231857603,-0.19403323185760257
5.217479999999999,4.196259628891002,1.0212203711089973
0.69038,0.6784681437716586,0.011911856228341344
7.41836,6.914050618182972,0.5043093818170279
7.434699999999999,8.145536070284724,-0.7108360702847243
30.3977,27.55312226711927,2.8445777328807296
0.15875,0.11019938729439924,0.048550612705600765
1.41454,1.6888750359280418,-0.27433503592804187
0.65737,0.7554210338278216,-0.09805103382782154
0.98098,1.4638300603344954,-0.4828500603344954
2.77456,2.411412677261494,0.36314732273850625
0.28187,0.2232039762192073,0.05866602378079272
5.09673,5.6981512010660165,-0.6014212010660165
1.42405,1.085868175279998,0.33818182472000213
0.77971,0.7836930062296587,-0.003983006229658637
5.794689999999999,5.3292642887300214,0.4654257112699778
3.1886300000000003,3.203934050326755,-0.015304050326754748
0.09844,0.098552868281371,-0.00011286828137099802
3.4341399999999997,3.20871311453599,0.2254268854640098
21.75654,26.385431677665203,-4.628891677665202
0.37422000000000005,0.3904695577282297,-0.01624955772822967
2.5732600000000003,3.095310029039866,-0.5220500290398657
2.498,2.459321242701777,0.03867875729822323
5.06416,3.991673540628853,1.0724864593711474
2.8186,2.902170321524949,-0.08357032152494881
1.25845,1.2979494190051974,-0.03949941900519738
2.90965,2.154458107092885,0.7551918929071149
1.1976600000000002,1.4404726340933123,-0.2428126340933121
3.2207,3.4731066273506808,-0.25240662735068087
8.89217,8.244956920549296,0.6472130794507045
8.276110000000001,6.565776957341025,1.7103330426589762
8.20225,7.116219604504364,1.0860303954956354
0.62919,0.4517082429100321,0.17748175708996794
15.337299999999999,18.3263512869489,-2.9890512869489
1.58471,1.676663924765219,-0.09195392476521902
1.42186,1.5826015580032649,-0.16074155800326495
1.21879,1.1749256479585546,0.043864352041445454
3.52175,3.25850671486725,0.26324328513274997
0.344,0.3356566673336637,0.008343332666336245
1.34382,1.6157877341280535,-0.27196773412805353
2.95675,2.9437125456747997,0.013037454325200315
0.50461,0.503542601787882,0.001067398212117987
0.6707000000000001,0.7183242079691743,-0.047624207969174215
1.5455699999999999,1.3329898045669615,0.2125801954330384
3.29278,2.6131089370625813,0.6796710629374187
10.72238,9.965212588980414,0.7571674110195854
2.34618,2.6164821936280833,-0.2703021936280834
1.06545,1.1201667179743533,-0.05471671797435329
0.69426,0.7666096001294429,-0.07234960012944291
0.81556,0.7556783327071578,0.05988166729284217
26.197599999999998,29.42463962495418,-3.227039624954184
0.5596599999999999,0.5662819178056812,-0.006621917805681221
0.5815499999999999,0.5338921983218922,0.047657801678107736
2.78137,2.1217003870969267,0.6596696129030732
1.19676,1.4010158493078055,-0.2042558493078055
1.61099,1.77139662076674,-0.16040662076674006
0.24631,0.33760865475982804,-0.09129865475982804
2.19342,1.8744697574676856,0.3189502425323145
1.27626,1.529409535584726,-0.25314953558472597
0.3252,0.49465970079887517,-0.16945970079887518
2.6369000000000002,2.474103582887723,0.16279641711227733
14.08748,16.135918275930422,-2.0484382759304225
2.9922600000000004,3.0658841657937597,-0.0736241657937593
1.01346,1.2326884411481542,-0.2192284411481542
2.11562,2.2699102168897336,-0.15429021688973377
0.38126,0.39638915930560287,-0.01512915930560288
4.81177,4.095081556464191,0.7166884435358094
2.8521300000000003,2.828007688538891,0.024122311461109103
0.28497,0.25585265878553853,0.029117341214461467
1.09432,1.025503394594562,0.06881660540543799
1.95051,2.0047119257887496,-0.054201925788749605
1.3406099999999999,1.2738944855328531,0.06671551446714674
4.17104,3.600933445673634,0.5701065543263657
0.8773099999999999,1.2259163364726378,-0.34860633647263783
0.40962,0.4291612312954455,-0.019541231295445494
1.24549,1.1441517578689642,0.10133824213103582
2.36697,2.777236208216967,-0.41026620821696724
5.37438,5.098725149226355,0.2756548507736456
1.27053,1.1327740526361292,0.13775594736387076
2.90476,3.0188137644184763,-0.11405376441847626
3.36618,4.333842782095216,-0.967662782095216
0.30742,0.3672708053208449,-0.05985080532084486
9.54701,7.273585144878558,2.2734248551214424
9.80976,14.001836236360681,-4.1920762363606805
0.16707,0.16382816542744463,0.0032418345725553632
0.47476999999999997,0.5667388271646813,-0.0919688271646813
1.9620199999999999,1.6576680631101444,0.3043519368898555
0.5474199999999999,0.6058553349017676,-0.058435334901767666
1.7095,1.6546458688472834,0.054854131152716645
1.20489,1.3311845380177674,-0.12629453801776735
1.09555,1.0055680209578726,0.08998197904212746
0.1864,0.2197538202454922,-0.03335382024549219
1.2464000000000002,1.6366311247943224,-0.3902311247943222
1.64928,1.355715635245965,0.29356436475403513
0.21468,0.22140998722381006,-0.006729987223810047
1.61888,1.3250700688618855,0.2938099311381146
1.44141,1.902577417231132,-0.46116741723113197
8.55534,6.80753067299103,1.7478093270089694
1.58989,1.4087063999420735,0.18118360005792655
3.5197399999999996,4.492925662491923,-0.9731856624919235
1.4308299999999998,1.2773645539639258,0.15346544603607404
1.2493699999999999,1.5109498788586115,-0.26157987885861167
7.74069,8.201948956970247,-0.461258956970247
6.8103299999999996,10.284444926180168,-3.4741149261801683
0.19409,0.17577952511109607,0.018310474888903944
0.76755,0.8002603400705851,-0.03271034007058515
9.34284,12.40754465571858,-3.064704655718579
1.7648,1.3886496540303006,0.3761503459696993
1.0833599999999999,0.8861624658794232,0.19719753412057672
3.0085100000000002,3.2190306199142755,-0.2105206199142753
1.75129,2.1139877203068855,-0.3626977203068855
0.64543,0.5095699165147681,0.13586008348523182
0.8632799999999999,0.9393561759985665,-0.07607617599856653
6.69763,6.41679200478674,0.28083799521326025
1.91008,2.5394588317648106,-0.6293788317648106
0.4112,0.5171004521682319,-0.10590045216823185
1.02966,1.4542833609170847,-0.42462336091708464
0.52686,0.6077499976608287,-0.08088999766082872
0.43385,0.6074522138816055,-0.17360221388160552
3.3436500000000002,3.2090663339302377,0.13458366606976258
0.9704400000000001,1.0648110492415424,-0.09437104924154227
3.41274,3.7092839267247273,-0.2965439267247274
5.88516,6.200839460483437,-0.3156794604834374
8.77027,7.50146195138668,1.2688080486133204
0.88163,0.7633960681223775,0.11823393187762254
3.6230700000000002,4.395319887003193,-0.7722498870031931
0.81165,1.0726881709451712,-0.26103817094517123
2.6088400000000003,2.9128254526150217,-0.3039854526150214
2.1267600000000004,1.9319824008681363,0.1947775991318641
1.1604400000000001,1.629377417827106,-0.46893741782710596
0.14528,0.14139106544800292,0.0038889345519970697
0.69349,0.7132095513541409,-0.01971955135414083
2.95368,3.274074659140969,-0.3203946591409692
6.012239999999999,5.761011512891336,0.25122848710866297
2.70295,2.4186983273409157,0.28425167265908424
3.7918499999999997,3.5680463107329676,0.2238036892670321
3.35738,2.5039326987542263,0.8534473012457737
0.36584,0.4657677127292634,-0.09992771272926337
1.78838,1.692193650305078,0.09618634969492201
1.19227,1.1705359388603302,0.02173406113966969
0.64623,0.5469596895449371,0.09927031045506285
1.30503,1.0921908217206626,0.2128391782793373
0.5777599999999999,0.6292328847821762,-0.051472884782176265
3.31498,2.925065117163065,0.38991488283693476
0.47361000000000003,0.4514025283242382,0.022207471675761814
0.87695,0.9913264276252184,-0.11437642762521838
1.0570599999999999,1.0705933319080607,-0.01353333190806083
0.29669999999999996,0.3493258655550296,-0.05262586555502963
1.35985,1.3581464883010588,0.0017035116989412291
3.10834,3.6854093370799794,-0.5770693370799793
1.03725,0.8715548085137315,0.16569519148626854
7.8558699999999995,7.502247508839719,0.3536224911602801
4.70259,4.399777291561842,0.3028127084381582
1.47425,1.3329100949694492,0.14133990503055083
0.5544600000000001,0.5708504823956929,-0.01639048239569285
13.56472,13.254882718830173,0.3098372811698269
1.5788900000000001,1.5996192354307626,-0.020729235430762438
2.01566,1.9093441800506747,0.10631581994932526
0.52327,0.5272508976324717,-0.003980897632471669
3.45164,3.698286969316509,-0.24664696931650898
2.82038,2.8512016316059787,-0.030821631605978617
0.07119,0.11015020181317799,-0.03896020181317798
2.42401,2.941755712600964,-0.5177457126009641
1.31165,1.2265409136696923,0.08510908633030767
5.739199999999999,6.901239126743654,-1.1620391267436547
4.16709,5.285733001730781,-1.1186430017307814
2.4585700000000004,3.266214259727056,-0.8076442597270557
0.5179199999999999,0.5389218188092972,-0.0210018188092973
0.46518,0.4683855268756193,-0.0032055268756193134
5.722390000000001,5.949953754652428,-0.22756375465242762
0.9590700000000001,0.971535699177327,-0.012465699177326872
2.38336,2.125605262616152,0.257754737383848
0.679,0.5473238047749844,0.1316761952250156
1.18513,1.3455177460670518,-0.16038774606705175
0.29254,0.30250997750979103,-0.009969977509791006
4.77109,5.234177734494416,-0.4630877344944162
3.18808,2.9333053953166615,0.25477460468333835
0.12583,0.08803913992179839,0.03779086007820161
3.04528,3.5748050368127595,-0.5295250368127595
0.83514,1.213969494511139,-0.378829494511139
1.7849000000000002,2.284655362596747,-0.499755362596747
4.53587,3.6542710224426465,0.8815989775573536
2.42681,2.3409713528905414,0.08583864710945877
2.0813,2.4888031340335006,-0.40750313403350047
1.17921,0.6394584372441287,0.5397515627558714
21.84204,15.574587653007658,6.267452346992343
3.7211399999999997,3.548876398749864,0.1722636012501355
4.64612,4.340593911720479,0.305526088279521
0.06720000000000001,0.08833124352440974,-0.021131243524409732
2.4820300000000004,2.0571548660696943,0.42487513393030607
2.32788,2.2135641165991866,0.11431588340081333
9.36752,7.834217328434889,1.533302671565112
14.49485,15.34532443750119,-0.850474437501191
6.8101400000000005,8.265757963386923,-1.4556179633869224
3.7319,3.4267699179748963,0.3051300820251037
4.146979999999999,5.331303948921684,-1.1843239489216844
0.96023,0.9031000796557735,0.05712992034422648
3.0581,2.329484659935036,0.7286153400649642
2.2625,2.8121493807937212,-0.549649380793721
0.4485,0.4251564681661275,0.0233435318338725
2.99194,3.657377765203837,-0.665437765203837
0.20505,0.17672883311678972,0.02832116688321029
0.9914,1.148831021993322,-0.15743102199332204
10.674790000000002,12.554604260315655,-1.8798142603156531
0.77119,0.6902698148066578,0.08092018519334221
0.14118,0.1562502179148259,-0.015070217914825906
0.70151,0.7096534748785547,-0.008143474878554713
0.96329,1.1076871899545961,-0.14439718995459616
0.31043,0.2797946834634131,0.03063531653658691
7.5461,8.321430087767217,-0.7753300877672169
30.31004,22.777203016467233,7.532836983532768
3.5936399999999997,3.3504724630434866,0.24316753695651316
0.9881,0.9475207646563342,0.04057923534366581
3.83528,3.616064891696595,0.21921510830340507
1.4041199999999998,1.3702321777047348,0.03388782229526499
1.23428,0.9874986946067381,0.24678130539326193
6.5857600000000005,6.651470530252336,-0.06571053025233553
2.84642,2.9811639355664172,-0.13474393556641706
2.48163,2.19401624504164,0.28761375495836017
10.50052,13.902036690252022,-3.4015166902520217
10.21784,9.818355981813223,0.3994840181867776
0.13172999999999999,0.14095328909231303,-0.009223289092313042
5.829470000000001,5.332307732857699,0.4971622671423015
0.30767,0.3197083941013631,-0.012038394101363092
0.26319,0.2839841026051799,-0.020794102605179943
3.88422,3.610411105523662,0.27380889447633816
0.85317,1.0672124133523915,-0.2140424133523915
0.60127,0.6063785829637156,-0.0051085829637156355
0.06941,0.11056957061608333,-0.04115957061608333
4.514069999999999,4.160428088312308,0.3536419116876912
9.20242,9.86803807617862,-0.6656180761786192
1.67067,1.5764403647477976,0.09422963525220251
11.52561,10.631082281325718,0.8945277186742828
1.25311,1.5465827147763382,-0.2934727147763383
7.748819999999999,6.474996738866578,1.2738232611334217
1.65686,1.7393817204707684,-0.08252172047076844
0.45217,0.4575991061231754,-0.005429106123175376
9.37953,9.91716949779652,-0.5376394977965191
1.28158,1.2831474413753747,-0.0015674413753747896
0.68235,0.8534895995722165,-0.17113959957221647
16.97914,17.88903692703867,-0.9098969270386696
0.9119700000000001,0.8845052429642156,0.027464757035784437
10.5933,13.057763060490721,-2.464463060490722
15.1319,20.078546973902345,-4.946646973902345
1.03319,1.1024893548338406,-0.06929935483384053
4.315,3.709440664678247,0.6055593353217534
0.39642,0.536855728571091,-0.140435728571091
1.96306,1.9609573889392753,0.002102611060724735
8.34588,9.061233153942586,-0.715353153942587
0.6379199999999999,0.6007450578834466,0.03717494211655337
2.4680999999999997,3.313108557662686,-0.8450085576626862
0.5324500000000001,0.5436638903762958,-0.011213890376295721
5.87686,6.0020686527776865,-0.12520865277768678
1.95244,1.7068495220963833,0.24559047790361666
4.545310000000001,4.141025396549186,0.4042846034508143
10.43069,11.382707324060197,-0.952017324060197
2.25646,2.6934342857380535,-0.4369742857380534
3.77214,3.6014477407472736,0.17069225925272624
3.04561,3.3921660137865524,-0.34655601378655243
0.64219,0.586496585642758,0.055693414357242066
1.56886,1.4759295843453304,0.09293041565466953
13.74234,13.387839497063638,0.3545005029363626
0.8426,0.6356744519724072,0.20692554802759278
1.64878,1.288844850657293,0.359935149342707
2.33732,2.4062015672257013,-0.06888156722570127
6.62572,9.143578795514843,-2.517858795514843
1.55511,1.9894375147885743,-0.43432751478857434
2.29775,1.7875132234236653,0.5102367765763349
1.1380599999999998,1.2631756277484525,-0.12511562774845264
3.45904,4.074969387725449,-0.6159293877254495
0.52804,0.5789311021248323,-0.05089110212483239
6.8421199999999995,7.802629012373291,-0.9605090123732918
0.48724,0.4389832976997894,0.04825670230021062
0.77889,0.6587425787897456,0.12014742121025435
2.74029,3.1148816510472774,-0.37459165104727754
0.26937,0.22915268061340022,0.04021731938659978
3.4454000000000002,3.1926724445442574,0.2527275554557429
1.48991,1.5578092408044701,-0.06789924080447007
1.48234,1.8605593689236566,-0.3782193689236566
0.44887,0.44279248369905894,0.006077516300941055
6.99399,7.445349535288864,-0.45135953528886397
3.79238,3.758521294402563,0.03385870559743687
1.86124,1.8018496827024437,0.05939031729755628
12.803420000000001,13.302841622730323,-0.4994216227303223
0.8569199999999999,0.7712906638466872,0.0856293361533127
0.61548,0.503398352579265,0.11208164742073501
2.88559,2.6206974189272496,0.2648925810727505
2.70759,3.216694956299806,-0.5091049562998058
1.18149,1.2256462761433897,-0.044156276143389794
1.8571199999999999,2.489720505578389,-0.6326005055783892
2.64775,2.1407781400449393,0.5069718599550606
7.737430000000001,8.76700158703043,-1.0295715870304294
1.23126,1.3212361543258786,-0.08997615432587858
22.36748,30.414063806607732,-8.046583806607732
0.31337,0.3490028632356998,-0.03563286323569981
3.79737,5.0654104093424,-1.2680404093424
0.51585,0.5878687970109068,-0.07201879701090674
5.721640000000001,6.202081413499911,-0.48044141349991065
1.1052899999999999,1.0379455323506284,0.06734446764937152
1.15336,1.373486028619005,-0.220126028619005
6.58995,7.83227225163937,-1.2423222516393704
1.55848,1.7621920831184905,-0.20371208311849043
0.68126,0.5547226189791532,0.12653738102084677
0.66274,0.6292256109520528,0.033514389047947235
1.7154800000000001,1.4570094430749412,0.25847055692505894
2.61578,3.098938972911886,-0.48315897291188614
1.9382300000000001,2.217090852736121,-0.27886085273612093
1.06372,1.5065378775450295,-0.44281787754502955
1.11325,1.0714817190763963,0.04176828092360374
1.5560399999999999,2.012613654563244,-0.45657365456324417
1.21089,1.1621877855999645,0.048702214400035526
2.3466799999999997,2.2975588141558085,0.04912118584419112
5.56613,6.175296293666254,-0.6091662936662541
2.24153,2.294680324254781,-0.053150324254780834
0.55204,0.6798723621071897,-0.12783236210718973
0.94724,1.20435231096475,-0.25711231096475007
1.1638499999999998,0.9778266949578515,0.18602330504214837
1.4819200000000001,1.6201827542469882,-0.13826275424698808
2.06927,2.0399775490576957,0.02929245094230426
13.19424,18.771782477191675,-5.577542477191674
0.11320999999999999,0.11672609152233045,-0.0035160915223304556
1.61255,1.3220344553844237,0.29051554461557627
1.53153,1.439992709837509,0.09153729016249113
0.59235,0.5241853602502762,0.06816463974972387
0.68331,0.7770896941922637,-0.09377969419226373
0.15367,0.15391557885286214,-0.0002455788528621383
0.97581,0.8968532558970171,0.07895674410298281
2.8463000000000003,2.6175094507380283,0.22879054926197195
0.33212,0.38270994080011617,-0.05058994080011614
1.19786,1.1482574448559766,0.04960255514402334
7.20111,6.370357738805049,0.8307522611949505
9.056709999999999,9.59279438118638,-0.5360843811863809
2.30436,2.3053715016558405,-0.0010115016558405188
4.76849,3.987936963807284,0.7805530361927158
1.11733,1.5140786031087134,-0.3967486031087135
0.27864,0.2788532499553491,-0.00021324995534910407
18.70138,18.94813424541159,-0.24675424541159074
3.21423,3.227278358687376,-0.01304835868737575
0.53586,0.44459509396578123,0.09126490603421877
8.69713,11.920545535277952,-3.2234155352779528
1.1103900000000002,1.2475024907721375,-0.13711249077213727
1.2441900000000001,1.3701184745730777,-0.12592847457307754
9.94809,11.860849798295803,-1.9127597982958022
1.8184500000000001,2.0829244518685743,-0.2644744518685742
2.5276300000000003,2.4460064029928414,0.08162359700715882
0.83749,1.0149056245629096,-0.1774156245629096
3.35929,3.811609489152952,-0.45231948915295206
2.18048,2.138647395552665,0.041832604447335164
0.89626,1.0300328110209884,-0.13377281102098848
2.18438,1.564127520846597,0.620252479153403
2.6341,2.2404315317186883,0.39366846828131186
0.74879,0.7921434897229405,-0.04335348972294051
2.13414,1.957930550424273,0.17620944957572693
13.571219999999999,10.42233618944733,3.148883810552668
4.0682,4.713930596513818,-0.6457305965138183
0.14001,0.14132631214346628,-0.0013163121434662806
2.61624,2.3723049250579584,0.24393507494204147
2.68877,3.0168969255302676,-0.3281269255302677
4.288810000000001,3.1715662090090455,1.1172437909909552
3.76573,3.705560642346915,0.060169357653085065
0.77335,0.7035883448660565,0.0697616551339435
1.20433,1.3948313195127768,-0.19050131951277693
1.1917200000000001,1.3645332117201334,-0.1728132117201333
2.13234,2.6357512689388187,-0.5034112689388186
1.39813,1.3150480581124566,0.08308194188754348
4.19956,4.218084963156368,-0.0185249631563682
1.49385,1.4656372371007615,0.028212762899238353
15.23324,12.789837913520262,2.443402086479738
4.79848,6.258629405090108,-1.4601494050901085
4.05248,3.7056395040256263,0.34684049597437383
0.7858999999999999,0.8942720004139988,-0.10837200041399886
0.53236,0.4554024264103374,0.07695757358966265
0.71973,0.7262258447481946,-0.006495844748194646
1.22546,1.6054102447791343,-0.3799502447791343
0.84627,0.9159475521159962,-0.06967755211599624
2.01023,1.62369821331904,0.3865317866809599
2.18537,2.50036060717598,-0.31499060717598004
1.96378,1.3159618263903303,0.6478181736096698
1.7638900000000002,1.663627391542198,0.10026260845780222
1.37547,1.1664021930478123,0.20906780695218763
4.83874,5.5654188797152875,-0.7266788797152879
0.53234,0.499251805887913,0.03308819411208702
1.46359,1.7198215210920247,-0.25623152109202474
0.27626999999999996,0.23966125002615052,0.03660874997384944
5.8403599999999996,6.873840436067061,-1.0334804360670615
3.65216,4.834680756034462,-1.1825207560344624
0.97661,0.8565028595148275,0.12010714048517246
1.00428,1.1140405112600804,-0.10976051126008035
1.25482,1.3832602469328499,-0.12844024693284983
0.91173,0.9271368151504892,-0.01540681515048914
7.84367,6.862550010833745,0.9811199891662552
1.63002,1.9033186205437191,-0.2732986205437191
0.32074,0.2676088178971377,0.05313118210286233
7.9425799999999995,7.060389694944907,0.8821903050550928
10.11828,14.61590464102827,-4.497624641028269
3.38319,3.2380870879331893,0.14510291206681059
1.8713199999999999,2.270390749332928,-0.3990707493329282
11.194510000000001,9.553674890773802,1.6408351092261988
1.5861800000000001,1.2440741726320008,0.3421058273679993
1.08395,1.2791110558317171,-0.19516105583171717
2.64169,3.0518778374743474,-0.4101878374743473
8.6791,8.37140118592068,0.30769881407931976
0.36636,0.3363723443254801,0.029987655674519942
10.61804,9.820630840936364,0.797409159063637
1.7345,2.273802208193668,-0.539302208193668
0.23451,0.23336459821603614,0.0011454017839638564
2.0223299999999997,2.9207018688774196,-0.8983718688774198
4.499029999999999,4.7582971576724375,-0.25926715767243813
6.19625,5.595753885216824,0.6004961147831764
0.18172,0.21703657633680679,-0.03531657633680679
3.4938800000000003,3.5155488658703726,-0.02166886587037231
0.95008,0.9363761486351971,0.0137038513648029
0.82637,0.8931411280972816,-0.06677112809728158
0.88575,0.7806923403500324,0.1050576596499676
1.1551900000000002,0.9642049173434244,0.19098508265657577
3.56702,4.255818556355826,-0.6887985563558261
0.6829,0.8857042550244028,-0.2028042550244028
0.61811,0.6689196400764168,-0.05080964007641675
3.01448,3.1738712202353656,-0.15939122023536578
5.81609,5.648038780518699,0.16805121948130086
1.21793,1.4264598462669278,-0.20852984626692783
26.50015,26.21244270834909,0.2877072916509107
1.97018,1.7143223572137447,0.25585764278625533
3.14753,3.8594073114231677,-0.7118773114231676
4.17336,3.582086660035833,0.5912733399641668
4.57778,4.673663338803924,-0.09588333880392419
15.70064,16.620451801601014,-0.9198118016010142
0.31321,0.3063734422781443,0.006836557721855707
0.50651,0.43935645498605225,0.06715354501394777
0.97827,1.2152195037763573,-0.23694950377635737
0.2782,0.20085610213070326,0.07734389786929674
1.07678,1.175743912565104,-0.09896391256510384
12.946549999999998,11.8691718839474,1.0773781160525981
9.73683,10.475225798592945,-0.7383957985929452
1.0956199999999998,1.1470740006892928,-0.051454000689292956
0.89727,0.8660265621377367,0.031243437862263357
0.69499,0.6685521975414236,0.02643780245857641
1.8891900000000001,1.7763773123247864,0.1128126876752138
5.14333,4.514859485707298,0.6284705142927018
2.7606599999999997,2.974984541377804,-0.21432454137780432
0.23429,0.15938652581977555,0.07490347418022444
4.6972700000000005,6.51908138036577,-1.8218113803657694
3.87332,3.6084133874741178,0.2649066125258823
2.98979,2.7631051980314854,0.22668480196851482
2.47524,2.24435086473472,0.23088913526527977
7.21242,7.411346553329719,-0.1989265533297191
1.56892,1.4668329432041725,0.10208705679582764
2.76532,2.848253595029331,-0.08293359502933084
1.96313,1.9255845667168876,0.03754543328311244
2.3110399999999998,2.319434210391048,-0.008394210391048151
11.46594,13.587704329466828,-2.121764329466828
10.03623,7.729174303452993,2.307055696547007
2.8678600000000003,2.6825870134516925,0.18527298654830782
0.68711,0.9094816243056383,-0.22237162430563828
4.37805,3.5227661870367326,0.8552838129632674
0.37355,0.4254833868052843,-0.05193338680528431
2.237,2.091170646835766,0.1458293531642343
1.0618599999999998,0.9646751737817616,0.09718482621823821
1.19839,1.2311072327927786,-0.032717232792778494
8.65651,6.870340147441675,1.7861698525583254
0.27252,0.25616733966352484,0.016352660336475144
0.20801,0.24627578388409999,-0.038265783884099985
3.16419,3.375249094493985,-0.21105909449398474
8.86148,11.833456743589997,-2.9719767435899964
7.91941,7.582559592472663,0.3368504075273373
2.41703,2.0530788270880467,0.36395117291195334
1.26326,1.2490590419463319,0.014200958053668167
1.10627,0.8938405486404417,0.21242945135955837
0.49031,0.5477932681820773,-0.057483268182077274
15.66094,16.23814099609709,-0.5772009960970905
0.47047000000000005,0.552885276529649,-0.08241527652964897
0.53764,0.6419045778036786,-0.1042645778036786
1.1312200000000001,1.1438954002280088,-0.012675400228008726
6.54659,8.02705452775971,-1.4804645277597093
2.10919,2.8663281301522545,-0.7571381301522546
0.6457999999999999,0.7377048552571124,-0.09190485525711245
1.6224100000000001,1.6562773628952765,-0.033867362895276365
0.38677,0.47768643568790115,-0.09091643568790114
5.29416,5.495489330702574,-0.20132933070257408
2.96677,2.5828113853741543,0.3839586146258456
0.52428,0.48194872531541577,0.0423312746845842
7.1923699999999995,6.4712597442198705,0.721110255780129
1.15948,1.0934710875330527,0.0660089124669474
1.35949,1.1608872295580828,0.19860277044191732
0.46253,0.5101391217415191,-0.0476091217415191
3.5387399999999998,4.128413913597905,-0.5896739135979052
0.74697,0.9360039443399842,-0.18903394433998422
2.01952,2.0372691900962545,-0.01774919009625453
0.27536,0.18606894689150338,0.08929105310849661
1.58047,1.5207393176383492,0.0597306823616508
5.5868400000000005,5.772023540208052,-0.18518354020805194
12.22498,10.668235731472974,1.5567442685270265
1.46123,1.4864639693551476,-0.025233969355147545
7.71225,7.722313934472912,-0.010063934472912095
0.39444999999999997,0.5444661620115145,-0.15001616201151458
0.5155,0.4981274685093587,0.017372531490641274
4.373060000000001,5.315114738934997,-0.9420547389349965
3.71509,4.107678308269961,-0.3925883082699606
7.141979999999999,8.039478965190844,-0.8974989651908443
2.28728,2.200540727605858,0.08673927239414203
1.83623,1.5686780040196484,0.2675519959803516
1.36754,1.804757716133406,-0.4372177161334061
15.367299999999998,12.621553181039452,2.745746818960546
1.1403299999999998,1.3016343732126703,-0.16130437321267044
0.18847,0.15541925088672753,0.033050749113272465
6.91004,7.485969026637801,-0.5759290266378008
0.7454400000000001,0.6868749597698033,0.05856504023019682
0.9822000000000001,1.070532947829021,-0.08833294782902101
0.05898,0.04726757497336992,0.011712425026630079
0.82697,0.9289468067651824,-0.10197680676518239
8.07625,6.012159043441824,2.064090956558176
5.31084,4.20447681600167,1.1063631839983294
1.19426,1.430261681309303,-0.23600168130930288
0.4015,0.5106794324121325,-0.10917943241213252
1.84613,1.7744365934065123,0.07169340659348777
10.02347,9.60174357778828,0.4217264222117194
0.25538,0.2205492968721196,0.03483070312788039
1.56928,1.4108843765156815,0.15839562348431846
0.96017,1.1193771280621467,-0.15920712806214676
0.68649,0.7452996287156738,-0.058809628715673745
1.0755599999999998,1.2280280524713354,-0.15246805247133555
5.51726,5.548231412227674,-0.03097141222767341
12.18651,13.523911856467247,-1.3374018564672472
0.7655599999999999,0.9228627182038733,-0.15730271820387343
3.77766,4.183100656609956,-0.4054406566099562
1.53118,1.628900025372479,-0.09772002537247904
0.42966000000000004,0.4024567912853892,0.02720320871461085
0.86105,0.709154174376873,0.15189582562312698
7.031149999999999,7.530049406902674,-0.49889940690267487
3.41515,3.367852650372776,0.047297349627223984
3.64726,4.286942820776316,-0.6396828207763159
1.51922,1.4711405468404914,0.04807945315950857
2.37633,2.232124175879112,0.1442058241208879
0.21899000000000002,0.21989791509973067,-0.0009079150997306495
3.72693,4.663537278932054,-0.9366072789320543
4.19951,4.656247562560516,-0.4567375625605159
8.25177,9.701419491467835,-1.4496494914678344
6.89055,7.506339913124175,-0.6157899131241749
3.70779,4.1717864316419275,-0.4639964316419274
13.87496,13.672139248490943,0.20282075150905676
0.54173,0.5982205996532532,-0.056490599653253204
2.50114,2.5242210993045116,-0.023081099304511632
3.46969,4.093496456159055,-0.6238064561590555
0.6545700000000001,0.8955211008370227,-0.24095110083702265
14.640600000000001,11.399407335644646,3.2411926643553546
1.41114,1.2944216114613427,0.11671838853865735
5.34113,8.0917489945335,-2.7506189945335002
1.46095,1.6365672978275914,-0.1756172978275914
1.12195,0.9550570733552279,0.16689292664477207
10.602649999999999,12.231605689332367,-1.6289556893323685
1.23034,1.1371831867495603,0.09315681325043967
1.2083499999999998,1.2275610820006246,-0.019211082000624824
2.70892,3.479327559071092,-0.7704075590710922
7.48025,6.327376985267824,1.152873014732176
1.1648,1.322609257210462,-0.1578092572104619
1.55816,1.3376405577580435,0.22051944224195652
0.47076999999999997,0.46426242489019326,0.006507575109806707
3.09694,3.934529923119727,-0.8375899231197268
1.05725,1.0778331807295758,-0.020583180729575767
5.20105,4.148183828228733,1.0528661717712673
0.41656,0.4288642048891621,-0.012304204889162118
0.8393200000000001,0.9434172269537637,-0.10409722695376367
0.33581,0.34197611181866017,-0.006166111818660169
1.37547,1.2330490488290742,0.1424209511709258
2.47018,2.9963595301620733,-0.5261795301620733
0.5057200000000001,0.6986220689979116,-0.1929020689979115
0.8375,1.0686523481832189,-0.23115234818321884
0.53365,0.4951821199356876,0.03846788006431234
0.02436,0.020261324424044234,0.004098675575955765
11.970270000000001,12.414375462014759,-0.44410546201475753
0.6841799999999999,0.7086129879618388,-0.024432987961838903
0.26125,0.334207882289123,-0.07295788228912303
0.53366,0.48824429458901897,0.045415705410981055
0.58705,0.6224924247033345,-0.035442424703334585
3.21229,2.97848460582002,0.23380539417998003
0.65899,0.9076364728156825,-0.24864647281568253
0.6958,0.9632965533406163,-0.2674965533406163
0.85581,0.9495854683892228,-0.0937754683892228
1.7918900000000002,2.4363156286575056,-0.6444256286575054
0.61388,0.5150448195247603,0.09883518047523965
3.31404,3.412038708488269,-0.09799870848826897
4.233689999999999,4.762021051202234,-0.528331051202235
3.6515500000000003,3.580185252360187,0.07136474763981315
0.89362,1.0023839852164573,-0.10876398521645736
0.48210000000000003,0.7721075184035627,-0.2900075184035627
1.01517,1.2101680373705928,-0.19499803737059285
2.9706900000000003,3.011649445794698,-0.04095944579469757
1.40623,1.4604057863007056,-0.05417578630070552
0.35264,0.3282344901307723,0.02440550986922768
0.8605700000000001,0.8256984434692112,0.03487155653078888
0.39659,0.4076497114756086,-0.01105971147560858
1.0147,0.872257717494233,0.14244228250576696
5.2611300000000005,5.457147237528174,-0.19601723752817346
6.66818,8.02493489915071,-1.356754899150709
9.14773,7.488657105644263,1.6590728943557362
2.42927,2.040340358543776,0.3889296414562238
12.54504,16.040628363534353,-3.4955883635343525
2.23663,2.125659311100702,0.11097068889929806
1.07084,1.2041201385144233,-0.13328013851442333
1.43658,1.1893323169627679,0.2472476830372321
0.8177000000000001,0.7136800026355095,0.10401999736449064
1.51724,1.6872509957137949,-0.17001099571379497
9.957469999999999,11.135979939618366,-1.1785099396183671
1.30259,1.3071832523391298,-0.004593252339129883
0.92353,1.0379276106155046,-0.11439761061550469
3.79015,3.0976811209814454,0.6924688790185547
0.41827,0.4767880850085754,-0.058518085008575416
0.42113,0.385875195376894,0.035254804623105984
1.4511800000000001,1.6354481305439714,-0.1842681305439713
0.86256,1.4852837028566208,-0.6227237028566208
13.24384,13.762175207181272,-0.5183352071812717
0.47,0.5463424815668803,-0.07634248156688028
3.28937,2.829261820312611,0.46010817968738893
3.62252,3.8642737581515414,-0.2417537581515412
1.5144900000000001,2.0690198321177244,-0.5545298321177243
1.69513,1.453815584412702,0.24131441558729794
5.543729999999999,6.480144694817339,-0.9364146948173397
0.43083,0.3743808393494185,0.056449160650581476
3.4604899999999996,3.3552488583958233,0.1052411416041763
0.30529,0.3287036269757036,-0.023413626975703594
1.57636,1.4104141808717392,0.16594581912826079
4.27821,4.2506159756312245,0.027594024368775116
4.46045,6.054316339513695,-1.5938663395136956
1.5610899999999999,1.912982669153588,-0.3518926691535882
11.80249,13.49331045373381,-1.69082045373381
2.8025900000000004,2.7867213357695024,0.01586866423049793
0.0978,0.1033020175872619,-0.005502017587261904
0.40748,0.3310256087636935,0.07645439123630648
4.77799,4.303083009814937,0.47490699018506266
3.74576,5.02915818783729,-1.2833981878372902
0.9588,0.8738255303678412,0.08497446963215882
0.47497,0.42549486701948924,0.04947513298051076
2.9017600000000003,3.602845429267187,-0.7010854292671866
0.97588,1.0410320522188705,-0.06515205221887055
17.90718,23.14559251086222,-5.238412510862219
4.0158499999999995,3.451475597242348,0.5643744027576516
4.07954,3.3724892748554316,0.7070507251445681
1.46079,1.1005313429135724,0.3602586570864277
1.6128099999999999,2.7295803746813574,-1.1167703746813575
0.9460700000000001,0.7588163902531275,0.18725360974687255
0.39532,0.3578188442659004,0.03750115573409962
1.7801500000000001,1.8661687585961895,-0.08601875859618935
0.9765199999999999,1.1511688443132546,-0.17464884431325467
0.1753,0.142682375846291,0.032617624153709
3.9027600000000002,4.250156095875485,-0.3473960958754847
0.6948099999999999,0.453910577904511,0.24089942209548892
0.7802100000000001,0.6734518804973647,0.10675811950263536
0.35283,0.3538737218803881,-0.0010437218803881487
1.46962,1.9460160301500538,-0.47639603015005383
0.23883000000000001,0.22683237215725494,0.011997627842745079
1.5411700000000002,1.6319289482225663,-0.09075894822256614
4.76336,4.818996459922889,-0.05563645992288979
0.19333,0.1820546571421682,0.0112753428578318
0.83561,0.8151247642193803,0.02048523578061967
1.51842,1.327001594790287,0.1914184052097132
1.87031,1.6266457705038095,0.24366422949619038
0.37419,0.4209419181067125,-0.046751918106712476
5.29512,4.924308561330409,0.3708114386695911
0.22377,0.26823789910117446,-0.04446789910117446
1.10738,1.311502820796266,-0.20412282079626598
20.840490000000003,28.235257097864636,-7.394767097864634
6.647270000000001,8.549102806854057,-1.9018328068540562
23.5664,17.075621173425844,6.490778826574157
2.4886399999999997,2.486937212689895,0.0017027873101045365
1.14418,1.0877423846881709,0.056437615311829115
2.05613,1.8113920585333836,0.24473794146661643
2.49213,3.2410612676116224,-0.7489312676116224
2.88114,2.069596681784593,0.8115433182154068
0.27369,0.2568914415925482,0.016798558407451814
20.22216,12.01702739047553,8.205132609524469
1.6240599999999998,1.278057368580641,0.34600263141935894
7.36256,6.033169105742908,1.3293908942570924
1.7281900000000001,2.651072379313941,-0.9228823793139407
5.3621300000000005,4.4316497127202465,0.930480287279754
8.803889999999999,8.717884557369608,0.08600544263039112
2.43026,1.9362057992094708,0.4940542007905293
6.2856499999999995,5.934736422031827,0.35091357796817224
0.6773899999999999,0.6978995998211358,-0.02050959982113587
0.5928300000000001,0.5846686289487326,0.008161371051267463
0.34767000000000003,0.24913448740796362,0.09853551259203641
4.01159,4.699675044043509,-0.6880850440435093
1.24708,1.2996277914867123,-0.05254779148671229
6.46328,7.939330210618207,-1.4760502106182072
0.47819,0.47266239751226014,0.005527602487739869
0.23328,0.24639752701427217,-0.013117527014272184
4.52242,4.968707038267013,-0.44628703826701255
9.503020000000001,12.686779114264727,-3.183759114264726
0.74251,0.7101312445794902,0.03237875542050983
11.50739,11.016130529664098,0.4912594703359012
0.32892,0.40987921000536137,-0.08095921000536138
5.69053,5.144452327604839,0.5460776723951613
0.588,0.7807400654576527,-0.19274006545765276
1.4181700000000002,1.5194456393515017,-0.10127563935150152
2.9516,3.2447364067815427,-0.29313640678154274
1.4565599999999999,1.735173620166878,-0.2786136201668781
1.2956800000000002,1.646544252817484,-0.3508642528174839
1.66082,1.652567705910938,0.008252294089061918
2.1681399999999997,1.8343687611434116,0.3337712388565881
4.17189,5.117101613269976,-0.9452116132699757
2.62775,3.6968409598157925,-1.0690909598157927
2.78015,2.34298197033994,0.43716802966005996
0.49154000000000003,0.3865758086321734,0.10496419136782664
1.19112,1.073911470037697,0.11720852996230291
9.172229999999999,9.388589121537832,-0.21635912153783288
4.30584,3.983167558368664,0.3226724416313358
0.74717,0.683012924151384,0.06415707584861596
9.03013,8.722431521180754,0.30769847881924584
0.71941,0.6891761745476722,0.03023382545232778
3.33894,3.7508194794331438,-0.41187947943314374
0.43452999999999997,0.33534584117933464,0.09918415882066534
2.4027800000000004,2.0653786919097015,0.3374013080902989
4.82332,3.7847094854070185,1.0386105145929814
1.74802,1.952910961906336,-0.20489096190633616
0.234,0.2756139918854366,-0.0416139918854366
0.23357,0.20160808731578184,0.03196191268421816
0.69716,1.051206641073321,-0.35404664107332096
27.41148,26.14214807045738,1.26933192954262
1.74431,1.9547171475286858,-0.21040714752868572
0.41599,0.46688970225248366,-0.050899702252483636
4.32236,4.140991405387722,0.1813685946122776
1.6236,1.448105914705188,0.17549408529481192
0.77527,0.6953481981899744,0.07992180181002562
5.58516,7.535499050607644,-1.950339050607644
2.17856,2.1589358913159966,0.01962410868400344
4.36322,3.9536101768297467,0.4096098231702534
7.308520000000001,8.7235609986217,-1.4150409986216994
2.9400500000000003,3.067561506388722,-0.12751150638872177
2.0124,1.5857426665818262,0.4266573334181738
1.95077,1.7404903915528587,0.21027960844714122
0.26048000000000004,0.24084168720165264,0.019638312798347407
0.82126,0.7892135330024019,0.032046466997598055
0.72788,0.7798947277956336,-0.05201472779563365
1.2933599999999998,1.4126746036902698,-0.11931460369026992
1.2628499999999998,1.3333298508175468,-0.07047985081754704
7.72899,8.45088953745594,-0.7218995374559398
1.6655,1.7957063411464207,-0.1302063411464207
0.65065,0.555972975733475,0.09467702426652491
6.30423,5.923053075472426,0.38117692452757357
6.40339,4.908629592134745,1.4947604078652548
1.93106,2.0496092780275057,-0.1185492780275057
1.3909200000000002,1.91599782578554,-0.5250778257855397
1.88175,2.209184678391538,-0.32743467839153806
7.19537,7.831053831072379,-0.6356838310723791
0.89995,0.7869996104121637,0.11295038958783632
0.74894,0.8541649783965726,-0.10522497839657252
10.8264,10.746251768351263,0.08014823164873697
0.11715,0.11692315008149493,0.00022684991850507874
9.49607,12.847200311849575,-3.351130311849575
6.88469,9.725187544066063,-2.8404975440660634
0.4397,0.45306769154185855,-0.013367691541858573
1.66076,1.9295564162123204,-0.2687964162123204
6.92036,8.94052515839392,-2.0201651583939197
5.187060000000001,3.597995929520379,1.5890640704796217
0.58331,0.46641924334980966,0.11689075665019033
2.6531100000000003,2.7290534052765505,-0.07594340527655019
4.71911,4.283389664165992,0.4357203358340076
0.89823,0.917861605316121,-0.01963160531612107
1.23885,1.2421767606704146,-0.003326760670414597
5.12851,4.228404584262205,0.9001054157377952
2.1416399999999998,2.2424062260411928,-0.10076622604119301
0.59957,0.64105188419787,-0.04148188419786991
0.78164,0.7280539821967293,0.05358601780327066
2.3893400000000002,2.2421409145914217,0.1471990854085785
2.65267,2.6284376887367076,0.024232311263292505
1.2698800000000001,1.0332294886963058,0.2366505113036943
3.12442,3.8563428222488145,-0.7319228222488143
2.15395,2.325663334853998,-0.17171333485399787
0.54859,0.8220234508578712,-0.2734334508578712
1.6536099999999998,1.617827615348178,0.03578238465182171
1.3071,1.1468450295106212,0.16025497048937876
2.03774,1.979650885359473,0.05808911464052691
1.2571199999999998,1.3118656318095296,-0.05474563180952985
3.29957,2.867354208217161,0.4322157917828391
3.44765,3.923976626000609,-0.47632662600060893
0.9659800000000001,0.9905119266320289,-0.024531926632028855
5.07512,5.805016129950733,-0.7298961299507329
7.728899999999999,9.80835491382881,-2.07945491382881
0.41149,0.3761868924277322,0.035303107572267844
9.15531,6.374522123338159,2.780787876661841
2.29146,2.2230832015609203,0.06837679843907951
2.9155300000000004,3.325159090644794,-0.4096290906447937
1.68695,1.5752301763894767,0.11171982361052324
1.72504,1.592245425171697,0.1327945748283028
7.41109,6.772806176171207,0.6382838238287931
2.28519,2.656763710789511,-0.37157371078951096
0.87561,0.9287525508940933,-0.053142550894093254
2.4355,2.1630231265042172,0.272476873495783
1.87995,2.089735767049204,-0.20978576704920382
9.08717,10.000920733986126,-0.9137507339861255
6.0759300000000005,7.22137431703125,-1.1454443170312496
1.11979,0.9224657074835976,0.1973242925164025
0.85748,0.917372337936391,-0.05989233793639093
6.75592,6.735908496071125,0.020011503928874852
1.22214,1.007887082453756,0.21425291754624398
5.21436,5.952554505566793,-0.7381945055667929
0.62863,0.5698669777755108,0.05876302222448926
1.08616,1.1512823291552408,-0.06512232915524074
8.64696,7.345018974267682,1.3019410257323178
0.38933,0.520790729221879,-0.13146072922187896
1.17577,1.079847192328261,0.09592280767173889
11.256129999999999,11.06357964348361,0.19255035651638863
1.1989100000000001,1.038690184137925,0.16021981586207512
0.52565,0.6380810498805953,-0.11243104988059538
4.22021,3.0958974965425226,1.1243125034574772
0.43076,0.44091570673230446,-0.010155706732304481
2.00873,2.3547687043179635,-0.3460387043179636
1.8229600000000001,1.6896890940444043,0.13327090595559588
1.0907,1.5477721602510555,-0.45707216025105546
0.1403,0.07223349470455151,0.0680665052954485
2.34111,1.9756541947911552,0.3654558052088448
3.2947100000000002,3.22697887252905,0.06773112747095045
2.69169,2.355381354925457,0.33630864507454294
0.65323,0.7185067484630343,-0.06527674846303433
1.77287,1.717683516060568,0.05518648393943204
5.336939999999999,5.846184494346306,-0.5092444943463068
0.9301900000000001,0.9411217012302411,-0.010931701230241009
1.1315899999999999,1.3414711090210383,-0.2098811090210384
2.77586,2.4495605099939786,0.32629949000602165
1.6608800000000001,1.3397991886165652,0.3210808113834349
1.2405599999999999,1.367918802007074,-0.12735880200707417
0.29473,0.32874153225654884,-0.03401153225654885
1.0738299999999998,0.8934661302886824,0.18036386971131746
15.51276,15.703709874910187,-0.19094987491018678
1.85464,2.287963874365999,-0.43332387436599906
7.06395,6.898834902321903,0.16511509767809684
3.7592800000000004,3.505643210930349,0.2536367890696516
1.4276900000000001,1.4608693728770457,-0.03317937287704553
1.7949300000000001,2.0099626156082984,-0.21503261560829823
1.05812,1.4797998809924533,-0.42167988099245335
5.94805,4.868070443441452,1.0799795565585484
8.45611,7.9763997995078,0.4797102004922005
2.2704,2.345019285333322,-0.07461928533332207
0.47743,0.4305889680047395,0.04684103199526052
11.095120000000001,10.902438449991525,0.19268155000847642
1.88675,1.9588938090878416,-0.07214380908784168
1.3431600000000001,1.2548879555678383,0.08827204443216186
1.64294,1.444580031513455,0.19835996848654514
0.52689,0.5985740839033048,-0.07168408390330483
8.50904,7.2558799676908015,1.2531600323091991
9.607569999999999,7.818941805711924,1.7886281942880746
6.35135,6.053766919816531,0.29758308018346913
12.6614,13.822406109051201,-1.1610061090512005
1.50883,2.423232133358051,-0.914402133358051
0.21433000000000002,0.2726718623990439,-0.058341862399043876
6.09274,5.5061676111409845,0.5865723888590155
1.57401,1.767596151472435,-0.19358615147243508
2.30313,1.9521259048748003,0.3510040951251996
0.0858,0.05674256663025327,0.029057433369746734
9.77707,9.871696731252399,-0.09462673125239895
3.8056300000000003,4.0725512049227905,-0.26692120492279026
0.7788099999999999,0.6417680820885717,0.13704191791142817
2.4169099999999997,2.3583460331041888,0.05856396689581089
0.35496,0.37685992082500447,-0.02189992082500447
0.73664,0.811652111299548,-0.07501211129954799
2.61513,3.287931707133685,-0.6728017071336847
2.26627,2.4468236606193763,-0.18055366061937628
0.08070999999999999,0.062426484194623426,0.018283515805376564
0.26459,0.3435196692392951,-0.07892966923929512
1.57826,1.8914312556937396,-0.3131712556937396
13.07975,11.975453621664892,1.1042963783351087
8.00838,7.5430682845210715,0.46531171547892924
0.71587,0.7448048885598048,-0.02893488855980475
0.39339999999999997,0.3677226468210254,0.02567735317897457
0.6691699999999999,0.6605500378485978,0.00861996215140215
2.00935,2.887223040017045,-0.8778730400170449
1.4070799999999999,1.6233935062537757,-0.21631350625377577
4.96272,6.940358474990668,-1.977638474990668
1.37784,1.5272613888238216,-0.1494213888238216
1.378,1.216728197033923,0.1612718029660769
1.54773,1.5401660719982895,0.007563928001710574
2.41879,2.336267331401865,0.08252266859813506
1.43256,1.4235225759539587,0.009037424046041354
2.2288099999999997,2.4831890415411273,-0.25437904154112756
1.7709300000000001,2.2977572887348434,-0.5268272887348433
0.21531,0.22221095154767923,-0.006900951547679224
0.7359199999999999,0.8081276676079521,-0.07220766760795216
0.10726999999999999,0.06618891709628319,0.0410810829037168
0.57016,0.6213241811258466,-0.05116418112584664
1.96238,2.1144779007425063,-0.1520979007425063
1.16299,1.2291324464226607,-0.06614244642266076
3.92299,4.673099114597171,-0.7501091145971714
10.08865,10.075365101641333,0.013284898358666197
1.53068,1.3685702065137766,0.16210979348622345
26.258560000000003,29.447807778959447,-3.1892477789594444
0.50312,0.50533824901505,-0.0022182490150499667
3.6809600000000002,3.4153037270232414,0.26565627297675887
0.29967,0.3554720050885917,-0.05580200508859173
2.6943699999999997,2.5994079823588176,0.09496201764118206
0.8615700000000001,1.108639746551839,-0.2470697465518389
0.89243,0.9170294125494367,-0.02459941254943676
1.98951,2.4361861202557895,-0.4466761202557896
1.9193399999999998,2.120431818972435,-0.20109181897243533
2.7895100000000004,3.6124415606311135,-0.8229315606311132
3.9937199999999997,3.61154330878845,0.3821766912115496
0.22924,0.23959047051721225,-0.010350470517212246
1.3582100000000001,1.3848521121676183,-0.026642112167618137
0.83889,1.1027708139979568,-0.2638808139979568
0.31576,0.3313605154390948,-0.015600515439094798
2.52863,2.4826800172203707,0.04594998277962947
1.59662,1.5567299676292425,0.03989003237075739
3.92958,4.418037289526483,-0.4884572895264827
0.6441399999999999,0.5784928124591523,0.06564718754084764
4.45913,4.293349392691525,0.16578060730847533
1.48951,1.8761559882817291,-0.38664598828172925
1.56084,1.493722598160364,0.0671174018396361
4.745,4.174307427951044,0.570692572048956
3.41535,3.038596472573014,0.376753527426986
4.93212,5.959455402176534,-1.0273354021765337
0.87422,1.5350422844139797,-0.6608222844139797
1.0620699999999998,1.1352849065596042,-0.07321490655960439
2.64248,2.898531675607354,-0.25605167560735387
2.6144499999999997,2.9816603290221755,-0.36721032902217576
2.4876300000000002,1.7344319132060517,0.7531980867939485
0.5649299999999999,1.402803542407003,-0.837873542407003
0.2414,0.1978433785614317,0.04355662143856831
0.87713,0.711824985428523,0.16530501457147695
6.52505,6.28943532251347,0.23561467748652998
1.28426,1.2588341065730349,0.025425893426965107
10.742059999999999,11.598851097007742,-0.8567910970077435
11.96641,16.973227609339187,-5.006817609339187
0.28744,0.30237942277033136,-0.01493942277033139
0.78015,0.951790521820902,-0.17164052182090195
3.13447,3.2582961716630927,-0.12382617166309284
3.53105,3.3122253226099514,0.21882467739004863
2.38408,1.799612229775278,0.5844677702247221
5.003310000000001,4.947757313099435,0.05555268690056625
4.6811300000000005,3.8067664732366766,0.8743635267633239
6.18276,4.841935642905259,1.340824357094741
10.401290000000001,9.187152023605606,1.2141379763943956
2.9824699999999997,3.0739007718414775,-0.09143077184147774
3.3004499999999997,3.5784057368480897,-0.27795573684809005
0.74533,0.6156046000492056,0.12972539995079446
5.107609999999999,4.436436866176986,0.6711731338230136
0.63912,0.619164101731426,0.019955898268574024
3.60896,3.5699278824181673,0.03903211758183289
2.62016,3.0050074669478057,-0.3848474669478059
4.35538,4.760608341948878,-0.40522834194887736
2.1037600000000003,1.4075411402850326,0.6962188597149677
2.45292,2.2849743156223368,0.16794568437766344
2.34465,2.37988698841967,-0.035236988419669935
7.63217,7.329751522097944,0.302418477902056
3.22445,2.477148030340565,0.7473019696594352
3.16107,3.2374384197290187,-0.07636841972901864
11.12695,8.69899258869245,2.427957411307551
1.01304,1.1376558874639549,-0.12461588746395491
3.51961,3.6283831760913836,-0.10877317609138348
0.97999,1.0775277091200248,-0.0975377091200248
0.11,0.08635313910276705,0.023646860897232946
0.2361,0.19205596582259263,0.044044034177407376
5.312600000000001,5.14182667141893,0.17077332858107042
6.77416,8.789162286101805,-2.0150022861018044
0.20706,0.4771234083434876,-0.27006340834348763
0.58375,0.5893681628855355,-0.005618162885535516
2.11585,2.632626042538258,-0.5167760425382579
1.55519,1.8020554832452587,-0.2468654832452586
4.878439999999999,4.199090422218021,0.679349577781978
0.5026,0.6118771415370109,-0.10927714153701085
2.56,2.8702947060577446,-0.31029470605774456
2.6104000000000003,2.58564048670914,0.024759513290860458
2.2701599999999997,2.3299419447982084,-0.05978194479820864
0.31457999999999997,0.3157693832458133,-0.0011893832458133025
3.89811,5.00295256121298,-1.1048425612129797
2.38177,2.1901464964003874,0.19162350359961255
2.28841,2.505840196687163,-0.21743019668716324
0.56112,0.6495781917359369,-0.08845819173593694
2.07484,2.029965272826588,0.04487472717341223
2.3003,2.1316428772758096,0.16865712272419042
0.98263,0.8623422417082999,0.12028775829170013
7.55562,9.032744838498623,-1.4771248384986224
0.50295,0.4892320580192914,0.013717941980708581
1.14992,1.353459341335014,-0.20353934133501395
0.21886000000000003,0.23525638122020595,-0.016396381220205924
0.6974600000000001,0.7912447208297158,-0.09378472082971567
12.37434,10.669933568886124,1.7044064311138758
2.01383,2.5720592013531465,-0.5582292013531465
6.24187,5.321188672874734,0.9206813271252656
29.29684,29.512014509192,-0.21517450919199987
0.46896,0.4090261851436066,0.059933814856393375
14.21962,12.322888057108491,1.8967319428915097
0.40212,0.4166228159536813,-0.014502815953681303
0.08579,0.1233732743743839,-0.0375832743743839
1.85155,2.3440174624773293,-0.4924674624773293
9.133239999999999,8.3809309108254,0.7523090891745987
4.75444,4.32594622255515,0.4284937774448494
0.31053,0.37220554146052953,-0.06167554146052956
5.02031,5.296466164780306,-0.27615616478030613
0.46764,0.451778612456896,0.01586138754310401
8.82895,10.594526129553104,-1.7655761295531036
9.36981,11.477244500305904,-2.1074345003059047
1.534,2.0286403645941244,-0.4946403645941244
0.53746,0.6436995837781246,-0.10623958377812459
0.3925,0.3422677596871395,0.0502322403128605
2.14867,2.408576050439916,-0.25990605043991577
1.1741199999999998,1.2218079490928573,-0.04768794909285745
1.44652,1.3636976387149005,0.08282236128509957
0.39027999999999996,0.3853287436030574,0.004951256396942549
2.3034499999999998,2.2811698928544764,0.02228010714552342
0.61915,0.6880086508998698,-0.06885865089986987
2.09996,3.1743165421595,-1.0743565421595003
2.92623,2.3584704021167266,0.5677595978832732
4.07003,5.334359197685391,-1.2643291976853908
6.02194,4.757840383979714,1.2640996160202862
0.60789,0.6897526009835551,-0.08186260098355502
1.11544,1.3250062529787212,-0.20956625297872122
2.9411799999999997,4.316460044361475,-1.375280044361475
2.6191199999999997,2.237258145002951,0.3818618549970485
14.4863,12.266013316923043,2.2202866830769565
0.6762400000000001,0.6801504757725546,-0.003910475772554545
1.18832,1.302527727840905,-0.11420772784090505
2.08135,2.805146481580521,-0.7237964815805209
7.91004,9.279204736961313,-1.369164736961313
3.29235,3.02394036253235,0.2684096374676499
0.57412,0.5836206607406794,-0.009500660740679456
4.02072,3.059293673693623,0.9614263263063769
4.15374,5.341087508147541,-1.1873475081475409
2.41864,3.286806747379445,-0.868166747379445
2.02095,2.918578731764908,-0.8976287317649079
0.72505,0.7808711759122987,-0.05582117591229874
2.02468,2.437572199640945,-0.4128921996409449
0.4437,0.7037806459339704,-0.2600806459339704
0.29956,0.3390053242955289,-0.03944532429552888
9.1649,10.163395673912294,-0.998495673912295
0.71847,0.7757962736795455,-0.05732627367954546
1.60576,1.3798228825551409,0.22593711744485923
6.45768,5.608856870208993,0.8488231297910067
5.42706,4.693156592956216,0.7339034070437842
0.4715,0.42529038262937546,0.04620961737062451
0.14974,0.12110356593037,0.028636434069630012
1.8186,1.6938391107362964,0.12476088926370354
2.84399,2.9115156934702204,-0.06752569347022064
0.97221,0.9354333081988544,0.03677669180114562
2.05929,2.056576353377793,0.0027136466222068556
1.55283,1.4411418829436278,0.11168811705637216
3.5980100000000004,3.6187803626862536,-0.020770362686253208
1.14787,1.1873873389640077,-0.039517338964007775
16.68207,20.589345663214385,-3.907275663214385
1.4860499999999999,1.576941956156728,-0.09089195615672807
3.9035100000000003,4.842331448590796,-0.938821448590796
2.36917,1.9554411344653235,0.41372886553467647
2.45751,3.0558148767462936,-0.5983048767462935
0.51483,0.4425384227415886,0.0722915772584114
3.78757,4.300994460083212,-0.5134244600832116
1.67667,1.4957607168550313,0.1809092831449688
0.21425999999999998,0.16388021861370836,0.05037978138629162
2.0553600000000003,2.521902950766124,-0.4665429507661236
2.42267,2.138886559992763,0.283783440007237
0.18263,0.21750522319744023,-0.03487522319744024
4.14441,4.187321139403852,-0.04291113940385216
14.89395,11.253025973041254,3.6409240269587464
2.46279,2.089578879265701,0.37321112073429896
0.9609500000000001,0.9385860924974242,0.022363907502575886
2.44264,2.3047384190429168,0.13790158095708316
4.40212,3.9151536879261752,0.4869663120738248
2.65661,2.9451854132620214,-0.2885754132620213
0.94064,0.8998858328077111,0.04075416719228897
12.62419,12.392921707343387,0.23126829265661364
6.06871,5.584777361616652,0.4839326383833482
0.49865,0.4458804234274426,0.052769576572557375
16.25944,16.020906988449166,0.23853301155083528
12.96783,14.575943888683668,-1.6081138886836683
1.4037,1.8453851073308096,-0.4416851073308097
0.49694,0.549868551914022,-0.05292855191402196
0.8426,0.9593588635594634,-0.11675886355946341
3.57836,2.611725277911755,0.9666347220882452
0.15652000000000002,0.15053275049904416,0.00598724950095586
0.27458,0.3956068608461324,-0.1210268608461324
1.86907,2.251984253166478,-0.3829142531664782
0.65535,0.61530796489615,0.04004203510384996
0.21925999999999998,0.22348792787046323,-0.0042279278704632495
18.37275,17.048849487992992,1.3239005120070075
8.97847,6.433000847530344,2.5454691524696553
2.72723,3.223158845165852,-0.4959288451658521
0.28708,0.27474937321002435,0.012330626789975652
1.72127,1.88813114951893,-0.16686114951892983
27.08112,25.386231692724966,1.6948883072750327
5.144010000000001,5.324383172543562,-0.1803731725435611
3.88873,3.6289295768769607,0.2598004231230391
2.42714,2.207658194311673,0.2194818056883272
2.60469,2.0594194175082783,0.5452705824917219
1.12843,1.3913499803180265,-0.26291998031802644
11.37957,12.382947495794273,-1.0033774957942736
0.7034400000000001,0.6785962075319625,0.024843792468037584
1.1805999999999999,1.2382707112090348,-0.057670711209034886
0.47402,0.47043058357939704,0.0035894164206029533
3.04006,3.5922661419287722,-0.5522061419287723
16.15891,14.40941109920233,1.7494989007976685
0.69971,5.341087508147541,-4.64137750814754
2.0813800000000002,1.93286868082527,0.14851131917473026
1.13694,1.3676280838640156,-0.23068808386401551
3.5263899999999997,3.7474585837802388,-0.22106858378023908
2.2134,1.6803249897357317,0.5330750102642683
2.00286,2.4510194067425934,-0.44815940674259336
5.527340000000001,5.779695639111302,-0.2523556391113013
4.2835600000000005,3.884458710104102,0.3991012898958983
5.98831,8.396113951126916,-2.4078039511269154
0.44395,0.4179360780414261,0.026013921958573938
1.7193900000000002,1.8100683338077415,-0.09067833380774126
4.756,4.255589340998092,0.5004106590019086
1.95693,2.3044096301821013,-0.34747963018210126
0.16151,0.11871291509988681,0.04279708490011318
0.5177,0.5800241814995325,-0.06232418149953245
0.701,0.6767908932208062,0.024209106779193745
2.0972,1.7972786731489092,0.29992132685109074
0.15555000000000002,0.1542512917016898,0.0012987082983102194
0.56559,0.4918013382015148,0.07378866179848526
1.3009600000000001,1.4737005111386965,-0.17274051113869637
0.13441,0.19977261784475048,-0.06536261784475048
4.72671,3.9770269000623393,0.7496830999376605
0.77149,0.6585101470495999,0.11297985295040014
0.16598,0.11125147853177618,0.05472852146822381
3.6268200000000004,4.006337226285622,-0.37951722628562123
1.92759,1.7247320904010452,0.20285790959895467
1.70404,1.817425983259477,-0.11338598325947702
0.5714400000000001,0.7609511849398497,-0.18951118493984964
9.62945,9.40995536550696,0.2194946344930404
0.68069,0.7865178635045257,-0.10582786350452567
0.54713,0.5948547954791488,-0.04772479547914876
0.5473600000000001,0.735384229447316,-0.1880242294473159
1.87371,1.5938443602836898,0.2798656397163102
0.90062,0.7883128359956147,0.11230716400438523
2.17327,2.340534530861731,-0.16726453086173088
1.45798,1.3848556019953626,0.07312439800463744
0.83768,0.7973888379302005,0.040291162069799435
0.82436,0.7410396168087561,0.08332038319124391
1.52818,1.5594889683164925,-0.031308968316492436
1.5126300000000001,1.618401774394684,-0.10577177439468377
8.02612,9.125566744529733,-1.0994467445297325
0.58087,0.5268879218848974,0.05398207811510258
1.03243,0.8620414204468982,0.17038857955310172
0.2273,0.15466405091712265,0.07263594908287735
1.37004,2.0610827644681966,-0.6910427644681967
0.25584,0.3068865465631118,-0.051046546563111805
0.32218,0.2680006536549204,0.05417934634507965
1.4793,1.5862204692610191,-0.10692046926101906
0.32143,0.33871365142428583,-0.01728365142428584
1.77048,1.7611974105984913,0.009282589401508723
0.62528,0.553468600887189,0.07181139911281098
1.1057000000000001,1.4305911478237094,-0.3248911478237093
2.13926,1.5710533275168577,0.5682066724831425
3.86117,2.5130860671852693,1.3480839328147307
17.73366,18.752669090823538,-1.0190090908235376
3.53106,3.6133174434173836,-0.0822574434173835
0.3095,0.31265354293738884,-0.0031535429373888424
0.55441,0.5202380292263982,0.03417197077360179
1.1931500000000002,1.3801764634592795,-0.1870264634592793
0.07442,0.10626599515452789,-0.03184599515452789
1.09917,0.932151628179385,0.16701837182061496
0.49013999999999996,0.5316898496723604,-0.04154984967236047
0.46258,0.472861555731625,-0.010281555731625036
12.207690000000001,14.486230792019224,-2.278540792019223
1.63008,1.473470570020141,0.15660942997985905
0.5245700000000001,0.4237571861638524,0.10081281383614771
2.8761900000000002,3.1147574241065934,-0.23856742410659315
1.4962,1.4916314504718267,0.004568549528173316
0.99612,1.2995018862541456,-0.30338188625414564
0.54237,0.5304374600014449,0.011932539998555147
0.41689,0.5014259807680411,-0.08453598076804114
0.73527,0.7195060369973685,0.015763963002631498
6.62918,6.4095519853986564,0.2196280146013434
1.44711,1.7539711302768002,-0.3068611302768003
0.55067,0.8040002252739289,-0.2533302252739289
2.17874,2.1596030814239273,0.01913691857607258
5.6346300000000005,5.514999597823022,0.11963040217697873
2.00719,2.0703332187717143,-0.06314321877171425
11.24673,10.037138367819955,1.2095916321800448
12.213280000000001,9.397159812637982,2.816120187362019
12.39209,12.334803479578472,0.0572865204215276
5.34997,4.586107718163259,0.7638622818367411
0.41764999999999997,0.35635648421669364,0.06129351578330633
2.5924899999999997,2.5165849408534235,0.07590505914657619
3.45315,2.8319525712920677,0.6211974287079323
1.7197,2.0123461434698866,-0.2926461434698866
4.0010900000000005,3.704304336120624,0.29678566387937666
18.37761,14.84084869393694,3.5367613060630614
1.1488800000000001,1.301066503060429,-0.1521865030604288
0.70085,0.8818784775446256,-0.1810284775446256
0.57736,0.43671723351563463,0.14064276648436536
1.3666500000000001,1.3094533227752885,0.05719667722471167
5.27629,5.239861414178721,0.03642858582127939
0.9286,1.0260811306425441,-0.09748113064254416
0.37207999999999997,0.338534699388855,0.03354530061114497
8.44353,10.03843275623088,-1.59490275623088
1.1664100000000002,1.1426085778855086,0.023801422114491544
3.1262,3.5810894772992037,-0.4548894772992038
3.229,3.3019039873147804,-0.07290398731478032
1.11321,1.3479482015773239,-0.23473820157732384
0.0115,0.021056311656227546,-0.009556311656227546
7.04443,5.302935921682764,1.7414940783172366
1.9933699999999999,1.9158159902968477,0.07755400970315218
1.3643299999999998,1.112906016976302,0.25142398302369773
0.52009,0.43494821343244766,0.08514178656755239
0.27305,0.31174179789802237,-0.03869179789802235
0.27349,0.2835162784422105,-0.01002627844221049
0.32361,0.3547325361577493,-0.031122536157749292
5.20213,6.666394064511467,-1.4642640645114664
14.33171,12.34208057661513,1.9896294233848693
1.17648,1.3756279461591316,-0.19914794615913167
2.0756300000000003,2.7102508853919938,-0.6346208853919935
1.18894,1.4234663772713159,-0.23452637727131576
2.24322,2.3441516054447966,-0.10093160544479662
0.78613,0.8121252237837955,-0.025995223783795485
3.42855,2.9180177067843913,0.5105322932156087
0.25384,0.25146732736810695,0.002372672631893058
0.99375,1.1996818794292217,-0.20593187942922164
0.8946000000000001,0.6916631166446278,0.2029368833553723
25.791700000000002,26.95857010948188,-1.1668701094818772
3.20138,3.4281973279833244,-0.22681732798332455
0.8613200000000001,0.9661958352093645,-0.10487583520936439
7.0079899999999995,9.432871286770823,-2.424881286770823
6.287109999999999,9.077399615304225,-2.790289615304226
0.35306,0.4431237920703366,-0.0900637920703366
14.50875,19.234863896910166,-4.726113896910167
1.93972,1.6459831664855642,0.2937368335144359
0.6484500000000001,0.6016344332271141,0.04681556677288601
4.71195,5.475595770837013,-0.7636457708370132
6.49889,6.666265095757798,-0.16737509575779796
1.01162,1.5637829297063948,-0.5521629297063948
7.42348,7.467796158079341,-0.04431615807934097
2.49678,3.080214470865344,-0.5834344708653436
1.43211,1.3252071183380136,0.10690288166198636
5.97651,6.287825894456148,-0.3113158944561478
3.47373,3.8624325967346,-0.38870259673459984
4.56074,4.606790453816339,-0.04605045381633932
2.4220900000000003,2.2610004657170584,0.16108953428294193
0.8621,0.9707281042951537,-0.10862810429515368
3.11383,3.0591605950357605,0.054669404964239554
11.65763,11.794111733839378,-0.13648173383937845
1.95263,1.8463892037153058,0.1062407962846943
2.57435,2.4661418492418066,0.10820815075819334
0.84116,1.3053498369382808,-0.46418983693828075
2.80618,3.0841213281666193,-0.27794132816661943
0.48699000000000003,0.4348012649268314,0.052188735073168624
2.18158,2.3082165297428956,-0.12663652974289574
1.62672,1.6309323411257888,-0.004212341125788832
0.49510000000000004,0.47055961284199643,0.024540387158003607
1.63126,1.9371787523417068,-0.30591875234170685
3.1635999999999997,3.7544629317276117,-0.590862931727612
0.5280199999999999,0.5370628305778407,-0.009042830577840721
1.49124,1.52346102783096,-0.032221027830960036
1.95281,2.214347146489675,-0.2615371464896752
0.84811,1.0246286105168838,-0.17651861051688378
1.6888699999999999,1.5961889669544702,0.09268103304552966
1.92991,2.3909021938947874,-0.4609921938947874
1.62059,1.6576213944808575,-0.03703139448085757
2.0964899999999997,2.4273160699386747,-0.3308260699386749
2.0304100000000003,1.55733519144721,0.47307480855279027
1.47706,1.3987517977165609,0.07830820228343915
13.482149999999999,14.82519123274511,-1.3430412327451116
0.91013,0.8024600869942349,0.10766991300576512
3.96565,5.513233542240461,-1.547583542240461
2.36078,2.3461439008730225,0.014636099126977609
1.39491,1.7202253329112087,-0.3253153329112086
6.38384,4.572792667991483,1.811047332008517
5.24239,5.130654134355481,0.1117358656445191
2.55838,2.0444455258444725,0.5139344741555276
8.97544,9.432015620582739,-0.45657562058273804
3.00271,2.765001695502923,0.23770830449707692
6.1216099999999996,7.7978224594664605,-1.676212459466461
1.51498,1.7193393999236535,-0.20435939992365348
1.0465799999999998,1.0807020986585858,-0.03412209865858595
1.09348,1.0904198387565196,0.003060161243480408
4.63677,5.729619017451614,-1.0928490174516137
7.682720000000001,8.89344471688573,-1.2107247168857294
0.86318,0.8278169449707725,0.03536305502922743
1.07487,0.8468684183379768,0.22800158166202322
0.40836,0.42644310896375603,-0.018083108963756034
0.20541,0.22205638645360107,-0.01664638645360106
1.03383,0.9240601650917413,0.10976983490825876
11.407540000000001,12.02005077039732,-0.6125107703973196
0.84314,0.7875001659753409,0.05563983402465911
3.41256,3.5789781321034364,-0.16641813210343637
1.68594,2.106536704433467,-0.42059670443346686
1.88502,2.0170504562534504,-0.13203045625345045
4.4393199999999995,4.07630136753878,0.3630186324612197
15.5615,15.565862723489843,-0.004362723489842679
8.50679,9.282276828237258,-0.7754868282372573
24.29333,27.44558694426174,-3.1522569442617403
1.53716,1.4719979184871026,0.06516208151289749
7.42225,5.472586071506083,1.9496639284939175
1.08022,1.1175457161958855,-0.03732571619588554
0.39352,0.3319649058383688,0.061555094161631185
0.5406299999999999,0.5851178295872514,-0.044487829587251504
4.37804,3.4367874198445683,0.9412525801554321
7.492109999999999,7.422239829894485,0.06987017010551444
1.12131,1.7919356904930177,-0.6706256904930177
0.62588,0.6902944575881853,-0.06441445758818531
7.07984,6.538235166200814,0.5416048337991857
0.5202,0.6989663012645431,-0.17876630126454307
0.7667,0.6484820616004882,0.11821793839951189
5.3421899999999996,5.816264545896369,-0.47407454589636977
1.53087,1.930103255401104,-0.399233255401104
9.10268,9.958427843075317,-0.8557478430753171
0.48904000000000003,0.48574145772503097,0.003298542274969063
2.04458,2.8774931572918923,-0.8329131572918924
5.15405,5.756372619126521,-0.6023226191265216
0.70387,0.9340928511960304,-0.23022285119603036
1.78436,2.317065527876228,-0.532705527876228
24.70543,28.669573435353403,-3.964143435353403
0.41555000000000003,0.43864226294318975,-0.023092262943189723
1.08985,0.9883989899581094,0.10145101004189061
0.43054000000000003,0.4749462437298097,-0.04440624372980967
11.920200000000001,15.131527392461399,-3.2113273924613974
0.49699,0.4966037861593281,0.0003862138406718896
1.2763,1.3612916521277079,-0.08499165212770787
2.18446,1.8430354951577719,0.3414245048422282
0.16588,0.11612720411559861,0.04975279588440139
0.75918,0.8166915661701899,-0.05751156617018993
2.0742800000000003,1.896389784941679,0.17789021505832125
1.3204200000000001,1.8805048095543677,-0.5600848095543676
2.4108400000000003,2.387075764635189,0.023764235364811537
1.46033,1.8967851034208796,-0.4364551034208797
0.6794600000000001,0.6751419236292128,0.004318076370787294
0.71633,0.6644332262390107,0.051896773760989334
3.31414,3.3352000336055445,-0.021060033605544426
30.38177,26.917988679379725,3.4637813206202743
1.63443,1.9627893947833641,-0.32835939478336407
